Analysis & Synthesis report for cam_dsp_vga
Thu Jun 18 18:16:48 2026
Quartus Prime Version 18.1.0 Build 625 09/12/2018 SJ Lite Edition


---------------------
; Table of Contents ;
---------------------
  1. Legal Notice
  2. Analysis & Synthesis Summary
  3. Analysis & Synthesis Settings
  4. Parallel Compilation
  5. Analysis & Synthesis Source Files Read
  6. Analysis & Synthesis Resource Usage Summary
  7. Analysis & Synthesis Resource Utilization by Entity
  8. Analysis & Synthesis RAM Summary
  9. Analysis & Synthesis IP Cores Summary
 10. State Machine - |top_project|camer:cam_inst|next_state
 11. State Machine - |top_project|camer:cam_inst|prev_state
 12. State Machine - |top_project|camer:cam_inst|state
 13. Registers Removed During Synthesis
 14. General Register Statistics
 15. Inverted Register Statistics
 16. Registers Packed Into Inferred Megafunctions
 17. Registers Added for RAM Pass-Through Logic
 18. Multiplexer Restructuring Statistics (Restructuring Performed)
 19. Source assignments for sld_signaltap:camera
 20. Source assignments for frame_buffer:bank1|altsyncram:ram_rtl_0|altsyncram_39f1:auto_generated
 21. Source assignments for frame_buffer:bank0|altsyncram:ram_rtl_0|altsyncram_39f1:auto_generated
 22. Source assignments for camer:cam_inst|altsyncram:line_mem_rtl_0|altsyncram_k5h1:auto_generated
 23. Parameter Settings for User Entity Instance: Top-level Entity: |top_project
 24. Parameter Settings for User Entity Instance: frame_buffer:bank0
 25. Parameter Settings for User Entity Instance: frame_buffer:bank1
 26. Parameter Settings for User Entity Instance: top_vga:vga_inst|vga_sync:sync_inst
 27. Parameter Settings for User Entity Instance: top_vga:vga_inst|vga_output:out_inst
 28. Parameter Settings for User Entity Instance: camer:cam_inst
 29. Parameter Settings for User Entity Instance: PLL_CAM:PLL_CAM_inst|altpll:altpll_component
 30. Parameter Settings for Inferred Entity Instance: sld_signaltap:camera
 31. Parameter Settings for Inferred Entity Instance: frame_buffer:bank1|altsyncram:ram_rtl_0
 32. Parameter Settings for Inferred Entity Instance: frame_buffer:bank0|altsyncram:ram_rtl_0
 33. Parameter Settings for Inferred Entity Instance: camer:cam_inst|altsyncram:line_mem_rtl_0
 34. Parameter Settings for Inferred Entity Instance: lpm_divide:Mod0
 35. Parameter Settings for Inferred Entity Instance: lpm_divide:Div0
 36. altpll Parameter Settings by Entity Instance
 37. altsyncram Parameter Settings by Entity Instance
 38. Port Connectivity Checks: "PLL_CAM:PLL_CAM_inst"
 39. Port Connectivity Checks: "camer:cam_inst"
 40. Port Connectivity Checks: "top_vga:vga_inst"
 41. Port Connectivity Checks: "frame_buffer:bank1"
 42. Port Connectivity Checks: "frame_buffer:bank0"
 43. Signal Tap Logic Analyzer Settings
 44. Post-Synthesis Netlist Statistics for Top Partition
 45. Elapsed Time Per Partition
 46. Connections to In-System Debugging Instance "camera"
 47. Analysis & Synthesis Messages



----------------
; Legal Notice ;
----------------
Copyright (C) 2018  Intel Corporation. All rights reserved.
Your use of Intel Corporation's design tools, logic functions 
and other software and tools, and its AMPP partner logic 
functions, and any output files from any of the foregoing 
(including device programming or simulation files), and any 
associated documentation or information are expressly subject 
to the terms and conditions of the Intel Program License 
Subscription Agreement, the Intel Quartus Prime License Agreement,
the Intel FPGA IP License Agreement, or other applicable license
agreement, including, without limitation, that your use is for
the sole purpose of programming logic devices manufactured by
Intel and sold by Intel or its authorized distributors.  Please
refer to the applicable agreement for further details.



+----------------------------------------------------------------------------------+
; Analysis & Synthesis Summary                                                     ;
+------------------------------------+---------------------------------------------+
; Analysis & Synthesis Status        ; Successful - Thu Jun 18 18:16:47 2026       ;
; Quartus Prime Version              ; 18.1.0 Build 625 09/12/2018 SJ Lite Edition ;
; Revision Name                      ; cam_dsp_vga                                 ;
; Top-level Entity Name              ; top_project                                 ;
; Family                             ; Cyclone IV E                                ;
; Total logic elements               ; 2,753                                       ;
;     Total combinational functions  ; 2,083                                       ;
;     Dedicated logic registers      ; 1,292                                       ;
; Total registers                    ; 1292                                        ;
; Total pins                         ; 54                                          ;
; Total virtual pins                 ; 0                                           ;
; Total memory bits                  ; 3,357,720                                   ;
; Embedded Multiplier 9-bit elements ; 0                                           ;
; Total PLLs                         ; 1                                           ;
+------------------------------------+---------------------------------------------+


+------------------------------------------------------------------------------------------------------------+
; Analysis & Synthesis Settings                                                                              ;
+------------------------------------------------------------------+--------------------+--------------------+
; Option                                                           ; Setting            ; Default Value      ;
+------------------------------------------------------------------+--------------------+--------------------+
; Device                                                           ; EP4CE115F29C7      ;                    ;
; Top-level entity name                                            ; top_project        ; cam_dsp_vga        ;
; Family name                                                      ; Cyclone IV E       ; Cyclone V          ;
; VHDL Show LMF Mapping Messages                                   ; Off                ;                    ;
; VHDL Version                                                     ; VHDL_2008          ; VHDL_1993          ;
; Use smart compilation                                            ; Off                ; Off                ;
; Enable parallel Assembler and Timing Analyzer during compilation ; On                 ; On                 ;
; Enable compact report table                                      ; Off                ; Off                ;
; Restructure Multiplexers                                         ; Auto               ; Auto               ;
; Create Debugging Nodes for IP Cores                              ; Off                ; Off                ;
; Preserve fewer node names                                        ; On                 ; On                 ;
; Intel FPGA IP Evaluation Mode                                    ; Enable             ; Enable             ;
; Verilog Version                                                  ; Verilog_2001       ; Verilog_2001       ;
; State Machine Processing                                         ; Auto               ; Auto               ;
; Safe State Machine                                               ; Off                ; Off                ;
; Extract Verilog State Machines                                   ; On                 ; On                 ;
; Extract VHDL State Machines                                      ; On                 ; On                 ;
; Ignore Verilog initial constructs                                ; Off                ; Off                ;
; Iteration limit for constant Verilog loops                       ; 5000               ; 5000               ;
; Iteration limit for non-constant Verilog loops                   ; 250                ; 250                ;
; Add Pass-Through Logic to Inferred RAMs                          ; On                 ; On                 ;
; Infer RAMs from Raw Logic                                        ; On                 ; On                 ;
; Parallel Synthesis                                               ; On                 ; On                 ;
; DSP Block Balancing                                              ; Auto               ; Auto               ;
; NOT Gate Push-Back                                               ; On                 ; On                 ;
; Power-Up Don't Care                                              ; On                 ; On                 ;
; Remove Redundant Logic Cells                                     ; Off                ; Off                ;
; Remove Duplicate Registers                                       ; On                 ; On                 ;
; Ignore CARRY Buffers                                             ; Off                ; Off                ;
; Ignore CASCADE Buffers                                           ; Off                ; Off                ;
; Ignore GLOBAL Buffers                                            ; Off                ; Off                ;
; Ignore ROW GLOBAL Buffers                                        ; Off                ; Off                ;
; Ignore LCELL Buffers                                             ; Off                ; Off                ;
; Ignore SOFT Buffers                                              ; On                 ; On                 ;
; Limit AHDL Integers to 32 Bits                                   ; Off                ; Off                ;
; Optimization Technique                                           ; Balanced           ; Balanced           ;
; Carry Chain Length                                               ; 70                 ; 70                 ;
; Auto Carry Chains                                                ; On                 ; On                 ;
; Auto Open-Drain Pins                                             ; On                 ; On                 ;
; Perform WYSIWYG Primitive Resynthesis                            ; Off                ; Off                ;
; Auto ROM Replacement                                             ; On                 ; On                 ;
; Auto RAM Replacement                                             ; On                 ; On                 ;
; Auto DSP Block Replacement                                       ; On                 ; On                 ;
; Auto Shift Register Replacement                                  ; Auto               ; Auto               ;
; Allow Shift Register Merging across Hierarchies                  ; Auto               ; Auto               ;
; Auto Clock Enable Replacement                                    ; On                 ; On                 ;
; Strict RAM Replacement                                           ; Off                ; Off                ;
; Allow Synchronous Control Signals                                ; On                 ; On                 ;
; Force Use of Synchronous Clear Signals                           ; Off                ; Off                ;
; Auto RAM Block Balancing                                         ; On                 ; On                 ;
; Auto RAM to Logic Cell Conversion                                ; Off                ; Off                ;
; Auto Resource Sharing                                            ; Off                ; Off                ;
; Allow Any RAM Size For Recognition                               ; Off                ; Off                ;
; Allow Any ROM Size For Recognition                               ; Off                ; Off                ;
; Allow Any Shift Register Size For Recognition                    ; Off                ; Off                ;
; Use LogicLock Constraints during Resource Balancing              ; On                 ; On                 ;
; Ignore translate_off and synthesis_off directives                ; Off                ; Off                ;
; Timing-Driven Synthesis                                          ; On                 ; On                 ;
; Report Parameter Settings                                        ; On                 ; On                 ;
; Report Source Assignments                                        ; On                 ; On                 ;
; Report Connectivity Checks                                       ; On                 ; On                 ;
; Ignore Maximum Fan-Out Assignments                               ; Off                ; Off                ;
; Synchronization Register Chain Length                            ; 2                  ; 2                  ;
; Power Optimization During Synthesis                              ; Normal compilation ; Normal compilation ;
; HDL message level                                                ; Level2             ; Level2             ;
; Suppress Register Optimization Related Messages                  ; Off                ; Off                ;
; Number of Removed Registers Reported in Synthesis Report         ; 5000               ; 5000               ;
; Number of Swept Nodes Reported in Synthesis Report               ; 5000               ; 5000               ;
; Number of Inverted Registers Reported in Synthesis Report        ; 100                ; 100                ;
; Clock MUX Protection                                             ; On                 ; On                 ;
; Auto Gated Clock Conversion                                      ; Off                ; Off                ;
; Block Design Naming                                              ; Auto               ; Auto               ;
; SDC constraint protection                                        ; Off                ; Off                ;
; Synthesis Effort                                                 ; Auto               ; Auto               ;
; Shift Register Replacement - Allow Asynchronous Clear Signal     ; On                 ; On                 ;
; Pre-Mapping Resynthesis Optimization                             ; Off                ; Off                ;
; Analysis & Synthesis Message Level                               ; Medium             ; Medium             ;
; Disable Register Merging Across Hierarchies                      ; Auto               ; Auto               ;
; Resource Aware Inference For Block RAM                           ; On                 ; On                 ;
+------------------------------------------------------------------+--------------------+--------------------+


+------------------------------------------+
; Parallel Compilation                     ;
+----------------------------+-------------+
; Processors                 ; Number      ;
+----------------------------+-------------+
; Number detected on machine ; 12          ;
; Maximum allowed            ; 12          ;
;                            ;             ;
; Average used               ; 1.00        ;
; Maximum used               ; 12          ;
;                            ;             ;
; Usage by Processor         ; % Time Used ;
;     Processor 1            ; 100.0%      ;
;     Processor 2            ;   0.0%      ;
;     Processor 3            ;   0.0%      ;
;     Processor 4            ;   0.0%      ;
;     Processor 5            ;   0.0%      ;
;     Processor 6            ;   0.0%      ;
;     Processor 7            ;   0.0%      ;
;     Processor 8            ;   0.0%      ;
;     Processors 9-12        ;   0.0%      ;
+----------------------------+-------------+


+------------------------------------------------------------------------------------------------------------------------------------------------------------------------------------------------------------------------------------------------------+
; Analysis & Synthesis Source Files Read                                                                                                                                                                                                               ;
+--------------------------------------------------------------------+-----------------+----------------------------------------------+--------------------------------------------------------------------------------------------------+-------------+
; File Name with User-Entered Path                                   ; Used in Netlist ; File Type                                    ; File Name with Absolute Path                                                                     ; Library     ;
+--------------------------------------------------------------------+-----------------+----------------------------------------------+--------------------------------------------------------------------------------------------------+-------------+
; src/cam/camer.vhd                                                  ; yes             ; User VHDL File                               ; R:/_Studying/FPGA/cam_dsp_vga/src/cam/camer.vhd                                                  ;             ;
; src/top/top_project.vhd                                            ; yes             ; User VHDL File                               ; R:/_Studying/FPGA/cam_dsp_vga/src/top/top_project.vhd                                            ;             ;
; src/top/frame_buffer.vhd                                           ; yes             ; User VHDL File                               ; R:/_Studying/FPGA/cam_dsp_vga/src/top/frame_buffer.vhd                                           ;             ;
; PLL_CAM.vhd                                                        ; yes             ; User Wizard-Generated File                   ; R:/_Studying/FPGA/cam_dsp_vga/PLL_CAM.vhd                                                        ;             ;
; src/vga/vga_sync.vhd                                               ; yes             ; User VHDL File                               ; R:/_Studying/FPGA/cam_dsp_vga/src/vga/vga_sync.vhd                                               ;             ;
; src/vga/vga_output.vhd                                             ; yes             ; User VHDL File                               ; R:/_Studying/FPGA/cam_dsp_vga/src/vga/vga_output.vhd                                             ;             ;
; src/vga/top_vga.vhd                                                ; yes             ; User VHDL File                               ; R:/_Studying/FPGA/cam_dsp_vga/src/vga/top_vga.vhd                                                ;             ;
; altpll.tdf                                                         ; yes             ; Megafunction                                 ; r:/myprograms/quartuslite/quartus/libraries/megafunctions/altpll.tdf                             ;             ;
; aglobal181.inc                                                     ; yes             ; Megafunction                                 ; r:/myprograms/quartuslite/quartus/libraries/megafunctions/aglobal181.inc                         ;             ;
; stratix_pll.inc                                                    ; yes             ; Megafunction                                 ; r:/myprograms/quartuslite/quartus/libraries/megafunctions/stratix_pll.inc                        ;             ;
; stratixii_pll.inc                                                  ; yes             ; Megafunction                                 ; r:/myprograms/quartuslite/quartus/libraries/megafunctions/stratixii_pll.inc                      ;             ;
; cycloneii_pll.inc                                                  ; yes             ; Megafunction                                 ; r:/myprograms/quartuslite/quartus/libraries/megafunctions/cycloneii_pll.inc                      ;             ;
; db/pll_cam_altpll1.v                                               ; yes             ; Auto-Generated Megafunction                  ; R:/_Studying/FPGA/cam_dsp_vga/db/pll_cam_altpll1.v                                               ;             ;
; sld_signaltap.vhd                                                  ; yes             ; Megafunction                                 ; r:/myprograms/quartuslite/quartus/libraries/megafunctions/sld_signaltap.vhd                      ;             ;
; sld_signaltap_impl.vhd                                             ; yes             ; Encrypted Megafunction                       ; r:/myprograms/quartuslite/quartus/libraries/megafunctions/sld_signaltap_impl.vhd                 ;             ;
; sld_ela_control.vhd                                                ; yes             ; Encrypted Megafunction                       ; r:/myprograms/quartuslite/quartus/libraries/megafunctions/sld_ela_control.vhd                    ;             ;
; lpm_shiftreg.tdf                                                   ; yes             ; Megafunction                                 ; r:/myprograms/quartuslite/quartus/libraries/megafunctions/lpm_shiftreg.tdf                       ;             ;
; lpm_constant.inc                                                   ; yes             ; Megafunction                                 ; r:/myprograms/quartuslite/quartus/libraries/megafunctions/lpm_constant.inc                       ;             ;
; dffeea.inc                                                         ; yes             ; Megafunction                                 ; r:/myprograms/quartuslite/quartus/libraries/megafunctions/dffeea.inc                             ;             ;
; sld_ela_trigger.tdf                                                ; yes             ; Encrypted Megafunction                       ; r:/myprograms/quartuslite/quartus/libraries/megafunctions/sld_ela_trigger.tdf                    ;             ;
; db/sld_ela_trigger_p2o.tdf                                         ; yes             ; Auto-Generated Megafunction                  ; R:/_Studying/FPGA/cam_dsp_vga/db/sld_ela_trigger_p2o.tdf                                         ;             ;
; db/sld_reserved_cam_dsp_vga_camera_1_e632.v                        ; yes             ; Encrypted Auto-Generated Megafunction        ; R:/_Studying/FPGA/cam_dsp_vga/db/sld_reserved_cam_dsp_vga_camera_1_e632.v                        ;             ;
; sld_alt_reduction.vhd                                              ; yes             ; Encrypted Megafunction                       ; r:/myprograms/quartuslite/quartus/libraries/megafunctions/sld_alt_reduction.vhd                  ;             ;
; sld_mbpmg.vhd                                                      ; yes             ; Encrypted Megafunction                       ; r:/myprograms/quartuslite/quartus/libraries/megafunctions/sld_mbpmg.vhd                          ;             ;
; sld_ela_trigger_flow_mgr.vhd                                       ; yes             ; Encrypted Megafunction                       ; r:/myprograms/quartuslite/quartus/libraries/megafunctions/sld_ela_trigger_flow_mgr.vhd           ;             ;
; sld_buffer_manager.vhd                                             ; yes             ; Encrypted Megafunction                       ; r:/myprograms/quartuslite/quartus/libraries/megafunctions/sld_buffer_manager.vhd                 ;             ;
; altsyncram.tdf                                                     ; yes             ; Megafunction                                 ; r:/myprograms/quartuslite/quartus/libraries/megafunctions/altsyncram.tdf                         ;             ;
; stratix_ram_block.inc                                              ; yes             ; Megafunction                                 ; r:/myprograms/quartuslite/quartus/libraries/megafunctions/stratix_ram_block.inc                  ;             ;
; lpm_mux.inc                                                        ; yes             ; Megafunction                                 ; r:/myprograms/quartuslite/quartus/libraries/megafunctions/lpm_mux.inc                            ;             ;
; lpm_decode.inc                                                     ; yes             ; Megafunction                                 ; r:/myprograms/quartuslite/quartus/libraries/megafunctions/lpm_decode.inc                         ;             ;
; a_rdenreg.inc                                                      ; yes             ; Megafunction                                 ; r:/myprograms/quartuslite/quartus/libraries/megafunctions/a_rdenreg.inc                          ;             ;
; altrom.inc                                                         ; yes             ; Megafunction                                 ; r:/myprograms/quartuslite/quartus/libraries/megafunctions/altrom.inc                             ;             ;
; altram.inc                                                         ; yes             ; Megafunction                                 ; r:/myprograms/quartuslite/quartus/libraries/megafunctions/altram.inc                             ;             ;
; altdpram.inc                                                       ; yes             ; Megafunction                                 ; r:/myprograms/quartuslite/quartus/libraries/megafunctions/altdpram.inc                           ;             ;
; db/altsyncram_2f24.tdf                                             ; yes             ; Auto-Generated Megafunction                  ; R:/_Studying/FPGA/cam_dsp_vga/db/altsyncram_2f24.tdf                                             ;             ;
; db/decode_rsa.tdf                                                  ; yes             ; Auto-Generated Megafunction                  ; R:/_Studying/FPGA/cam_dsp_vga/db/decode_rsa.tdf                                                  ;             ;
; db/mux_rob.tdf                                                     ; yes             ; Auto-Generated Megafunction                  ; R:/_Studying/FPGA/cam_dsp_vga/db/mux_rob.tdf                                                     ;             ;
; altdpram.tdf                                                       ; yes             ; Megafunction                                 ; r:/myprograms/quartuslite/quartus/libraries/megafunctions/altdpram.tdf                           ;             ;
; memmodes.inc                                                       ; yes             ; Megafunction                                 ; r:/myprograms/quartuslite/quartus/libraries/others/maxplus2/memmodes.inc                         ;             ;
; a_hdffe.inc                                                        ; yes             ; Megafunction                                 ; r:/myprograms/quartuslite/quartus/libraries/megafunctions/a_hdffe.inc                            ;             ;
; alt_le_rden_reg.inc                                                ; yes             ; Megafunction                                 ; r:/myprograms/quartuslite/quartus/libraries/megafunctions/alt_le_rden_reg.inc                    ;             ;
; altsyncram.inc                                                     ; yes             ; Megafunction                                 ; r:/myprograms/quartuslite/quartus/libraries/megafunctions/altsyncram.inc                         ;             ;
; lpm_mux.tdf                                                        ; yes             ; Megafunction                                 ; r:/myprograms/quartuslite/quartus/libraries/megafunctions/lpm_mux.tdf                            ;             ;
; muxlut.inc                                                         ; yes             ; Megafunction                                 ; r:/myprograms/quartuslite/quartus/libraries/megafunctions/muxlut.inc                             ;             ;
; bypassff.inc                                                       ; yes             ; Megafunction                                 ; r:/myprograms/quartuslite/quartus/libraries/megafunctions/bypassff.inc                           ;             ;
; altshift.inc                                                       ; yes             ; Megafunction                                 ; r:/myprograms/quartuslite/quartus/libraries/megafunctions/altshift.inc                           ;             ;
; db/mux_usc.tdf                                                     ; yes             ; Auto-Generated Megafunction                  ; R:/_Studying/FPGA/cam_dsp_vga/db/mux_usc.tdf                                                     ;             ;
; lpm_decode.tdf                                                     ; yes             ; Megafunction                                 ; r:/myprograms/quartuslite/quartus/libraries/megafunctions/lpm_decode.tdf                         ;             ;
; declut.inc                                                         ; yes             ; Megafunction                                 ; r:/myprograms/quartuslite/quartus/libraries/megafunctions/declut.inc                             ;             ;
; lpm_compare.inc                                                    ; yes             ; Megafunction                                 ; r:/myprograms/quartuslite/quartus/libraries/megafunctions/lpm_compare.inc                        ;             ;
; db/decode_dvf.tdf                                                  ; yes             ; Auto-Generated Megafunction                  ; R:/_Studying/FPGA/cam_dsp_vga/db/decode_dvf.tdf                                                  ;             ;
; lpm_counter.tdf                                                    ; yes             ; Megafunction                                 ; r:/myprograms/quartuslite/quartus/libraries/megafunctions/lpm_counter.tdf                        ;             ;
; lpm_add_sub.inc                                                    ; yes             ; Megafunction                                 ; r:/myprograms/quartuslite/quartus/libraries/megafunctions/lpm_add_sub.inc                        ;             ;
; cmpconst.inc                                                       ; yes             ; Megafunction                                 ; r:/myprograms/quartuslite/quartus/libraries/megafunctions/cmpconst.inc                           ;             ;
; lpm_counter.inc                                                    ; yes             ; Megafunction                                 ; r:/myprograms/quartuslite/quartus/libraries/megafunctions/lpm_counter.inc                        ;             ;
; alt_counter_stratix.inc                                            ; yes             ; Megafunction                                 ; r:/myprograms/quartuslite/quartus/libraries/megafunctions/alt_counter_stratix.inc                ;             ;
; db/cntr_mgi.tdf                                                    ; yes             ; Auto-Generated Megafunction                  ; R:/_Studying/FPGA/cam_dsp_vga/db/cntr_mgi.tdf                                                    ;             ;
; db/cmpr_sgc.tdf                                                    ; yes             ; Auto-Generated Megafunction                  ; R:/_Studying/FPGA/cam_dsp_vga/db/cmpr_sgc.tdf                                                    ;             ;
; db/cntr_gbj.tdf                                                    ; yes             ; Auto-Generated Megafunction                  ; R:/_Studying/FPGA/cam_dsp_vga/db/cntr_gbj.tdf                                                    ;             ;
; db/cntr_lgi.tdf                                                    ; yes             ; Auto-Generated Megafunction                  ; R:/_Studying/FPGA/cam_dsp_vga/db/cntr_lgi.tdf                                                    ;             ;
; db/cntr_23j.tdf                                                    ; yes             ; Auto-Generated Megafunction                  ; R:/_Studying/FPGA/cam_dsp_vga/db/cntr_23j.tdf                                                    ;             ;
; db/cmpr_ngc.tdf                                                    ; yes             ; Auto-Generated Megafunction                  ; R:/_Studying/FPGA/cam_dsp_vga/db/cmpr_ngc.tdf                                                    ;             ;
; sld_rom_sr.vhd                                                     ; yes             ; Encrypted Megafunction                       ; r:/myprograms/quartuslite/quartus/libraries/megafunctions/sld_rom_sr.vhd                         ;             ;
; sld_jtag_endpoint_adapter.vhd                                      ; yes             ; Encrypted Megafunction                       ; r:/myprograms/quartuslite/quartus/libraries/megafunctions/sld_jtag_endpoint_adapter.vhd          ;             ;
; sld_jtag_endpoint_adapter_impl.sv                                  ; yes             ; Encrypted Megafunction                       ; r:/myprograms/quartuslite/quartus/libraries/megafunctions/sld_jtag_endpoint_adapter_impl.sv      ;             ;
; sld_hub.vhd                                                        ; yes             ; Encrypted Megafunction                       ; r:/myprograms/quartuslite/quartus/libraries/megafunctions/sld_hub.vhd                            ; altera_sld  ;
; db/ip/sld5ba9cb96/alt_sld_fab.v                                    ; yes             ; Encrypted Auto-Found Verilog HDL File        ; R:/_Studying/FPGA/cam_dsp_vga/db/ip/sld5ba9cb96/alt_sld_fab.v                                    ; alt_sld_fab ;
; db/ip/sld5ba9cb96/submodules/alt_sld_fab_alt_sld_fab.v             ; yes             ; Encrypted Auto-Found Verilog HDL File        ; R:/_Studying/FPGA/cam_dsp_vga/db/ip/sld5ba9cb96/submodules/alt_sld_fab_alt_sld_fab.v             ; alt_sld_fab ;
; db/ip/sld5ba9cb96/submodules/alt_sld_fab_alt_sld_fab_ident.sv      ; yes             ; Auto-Found SystemVerilog HDL File            ; R:/_Studying/FPGA/cam_dsp_vga/db/ip/sld5ba9cb96/submodules/alt_sld_fab_alt_sld_fab_ident.sv      ; alt_sld_fab ;
; db/ip/sld5ba9cb96/submodules/alt_sld_fab_alt_sld_fab_presplit.sv   ; yes             ; Encrypted Auto-Found SystemVerilog HDL File  ; R:/_Studying/FPGA/cam_dsp_vga/db/ip/sld5ba9cb96/submodules/alt_sld_fab_alt_sld_fab_presplit.sv   ; alt_sld_fab ;
; db/ip/sld5ba9cb96/submodules/alt_sld_fab_alt_sld_fab_sldfabric.vhd ; yes             ; Encrypted Auto-Found VHDL File               ; R:/_Studying/FPGA/cam_dsp_vga/db/ip/sld5ba9cb96/submodules/alt_sld_fab_alt_sld_fab_sldfabric.vhd ; alt_sld_fab ;
; db/ip/sld5ba9cb96/submodules/alt_sld_fab_alt_sld_fab_splitter.sv   ; yes             ; Encrypted Auto-Found SystemVerilog HDL File  ; R:/_Studying/FPGA/cam_dsp_vga/db/ip/sld5ba9cb96/submodules/alt_sld_fab_alt_sld_fab_splitter.sv   ; alt_sld_fab ;
; sld_jtag_hub.vhd                                                   ; yes             ; Encrypted Megafunction                       ; r:/myprograms/quartuslite/quartus/libraries/megafunctions/sld_jtag_hub.vhd                       ;             ;
; db/altsyncram_39f1.tdf                                             ; yes             ; Auto-Generated Megafunction                  ; R:/_Studying/FPGA/cam_dsp_vga/db/altsyncram_39f1.tdf                                             ;             ;
; db/decode_gua.tdf                                                  ; yes             ; Auto-Generated Megafunction                  ; R:/_Studying/FPGA/cam_dsp_vga/db/decode_gua.tdf                                                  ;             ;
; db/decode_9aa.tdf                                                  ; yes             ; Auto-Generated Megafunction                  ; R:/_Studying/FPGA/cam_dsp_vga/db/decode_9aa.tdf                                                  ;             ;
; db/mux_pob.tdf                                                     ; yes             ; Auto-Generated Megafunction                  ; R:/_Studying/FPGA/cam_dsp_vga/db/mux_pob.tdf                                                     ;             ;
; db/altsyncram_k5h1.tdf                                             ; yes             ; Auto-Generated Megafunction                  ; R:/_Studying/FPGA/cam_dsp_vga/db/altsyncram_k5h1.tdf                                             ;             ;
; lpm_divide.tdf                                                     ; yes             ; Megafunction                                 ; r:/myprograms/quartuslite/quartus/libraries/megafunctions/lpm_divide.tdf                         ;             ;
; abs_divider.inc                                                    ; yes             ; Megafunction                                 ; r:/myprograms/quartuslite/quartus/libraries/megafunctions/abs_divider.inc                        ;             ;
; sign_div_unsign.inc                                                ; yes             ; Megafunction                                 ; r:/myprograms/quartuslite/quartus/libraries/megafunctions/sign_div_unsign.inc                    ;             ;
; db/lpm_divide_ucm.tdf                                              ; yes             ; Auto-Generated Megafunction                  ; R:/_Studying/FPGA/cam_dsp_vga/db/lpm_divide_ucm.tdf                                              ;             ;
; db/sign_div_unsign_jnh.tdf                                         ; yes             ; Auto-Generated Megafunction                  ; R:/_Studying/FPGA/cam_dsp_vga/db/sign_div_unsign_jnh.tdf                                         ;             ;
; db/alt_u_div_qaf.tdf                                               ; yes             ; Auto-Generated Megafunction                  ; R:/_Studying/FPGA/cam_dsp_vga/db/alt_u_div_qaf.tdf                                               ;             ;
; db/add_sub_7pc.tdf                                                 ; yes             ; Auto-Generated Megafunction                  ; R:/_Studying/FPGA/cam_dsp_vga/db/add_sub_7pc.tdf                                                 ;             ;
; db/add_sub_8pc.tdf                                                 ; yes             ; Auto-Generated Megafunction                  ; R:/_Studying/FPGA/cam_dsp_vga/db/add_sub_8pc.tdf                                                 ;             ;
; db/lpm_divide_0jm.tdf                                              ; yes             ; Auto-Generated Megafunction                  ; R:/_Studying/FPGA/cam_dsp_vga/db/lpm_divide_0jm.tdf                                              ;             ;
; db/sign_div_unsign_olh.tdf                                         ; yes             ; Auto-Generated Megafunction                  ; R:/_Studying/FPGA/cam_dsp_vga/db/sign_div_unsign_olh.tdf                                         ;             ;
; db/alt_u_div_47f.tdf                                               ; yes             ; Auto-Generated Megafunction                  ; R:/_Studying/FPGA/cam_dsp_vga/db/alt_u_div_47f.tdf                                               ;             ;
+--------------------------------------------------------------------+-----------------+----------------------------------------------+--------------------------------------------------------------------------------------------------+-------------+


+-----------------------------------------------------------------+
; Analysis & Synthesis Resource Usage Summary                     ;
+---------------------------------------------+-------------------+
; Resource                                    ; Usage             ;
+---------------------------------------------+-------------------+
; Estimated Total logic elements              ; 2,753             ;
;                                             ;                   ;
; Total combinational functions               ; 2083              ;
; Logic element usage by number of LUT inputs ;                   ;
;     -- 4 input functions                    ; 1021              ;
;     -- 3 input functions                    ; 467               ;
;     -- <=2 input functions                  ; 595               ;
;                                             ;                   ;
; Logic elements by mode                      ;                   ;
;     -- normal mode                          ; 1762              ;
;     -- arithmetic mode                      ; 321               ;
;                                             ;                   ;
; Total registers                             ; 1292              ;
;     -- Dedicated logic registers            ; 1292              ;
;     -- I/O registers                        ; 0                 ;
;                                             ;                   ;
; I/O pins                                    ; 54                ;
; Total memory bits                           ; 3357720           ;
;                                             ;                   ;
; Embedded Multiplier 9-bit elements          ; 0                 ;
;                                             ;                   ;
; Total PLLs                                  ; 1                 ;
;     -- PLLs                                 ; 1                 ;
;                                             ;                   ;
; Maximum fan-out node                        ; cam_pix_clk~input ;
; Maximum fan-out                             ; 995               ;
; Total fan-out                               ; 23885             ;
; Average fan-out                             ; 6.10              ;
+---------------------------------------------+-------------------+


+-----------------------------------------------------------------------------------------------------------------------------------------------------------------------------------------------------------------------------------------------------------------------------------------------------------------------------------------------------------------------------------------------------------------------------------------------------------------------------------------------------------------------------------------------------------------------------------------------------------------------------------------------------------------------------------------------------------------+
; Analysis & Synthesis Resource Utilization by Entity                                                                                                                                                                                                                                                                                                                                                                                                                                                                                                                                                                                                                                                             ;
+-----------------------------------------------------------------------------------------------------------------------------------------+---------------------+---------------------------+-------------+--------------+---------+-----------+------+--------------+------------------------------------------------------------------------------------------------------------------------------------------------------------------------------------------------------------------------------------------------------------------------------------------------------------------------------------------------------------------------------------+----------------------------------------+--------------+
; Compilation Hierarchy Node                                                                                                              ; Combinational ALUTs ; Dedicated Logic Registers ; Memory Bits ; DSP Elements ; DSP 9x9 ; DSP 18x18 ; Pins ; Virtual Pins ; Full Hierarchy Name                                                                                                                                                                                                                                                                                                                                                                ; Entity Name                            ; Library Name ;
+-----------------------------------------------------------------------------------------------------------------------------------------+---------------------+---------------------------+-------------+--------------+---------+-----------+------+--------------+------------------------------------------------------------------------------------------------------------------------------------------------------------------------------------------------------------------------------------------------------------------------------------------------------------------------------------------------------------------------------------+----------------------------------------+--------------+
; |top_project                                                                                                                            ; 2083 (58)           ; 1292 (29)                 ; 3357720     ; 0            ; 0       ; 0         ; 54   ; 0            ; |top_project                                                                                                                                                                                                                                                                                                                                                                       ; top_project                            ; work         ;
;    |PLL_CAM:PLL_CAM_inst|                                                                                                               ; 0 (0)               ; 0 (0)                     ; 0           ; 0            ; 0       ; 0         ; 0    ; 0            ; |top_project|PLL_CAM:PLL_CAM_inst                                                                                                                                                                                                                                                                                                                                                  ; PLL_CAM                                ; work         ;
;       |altpll:altpll_component|                                                                                                         ; 0 (0)               ; 0 (0)                     ; 0           ; 0            ; 0       ; 0         ; 0    ; 0            ; |top_project|PLL_CAM:PLL_CAM_inst|altpll:altpll_component                                                                                                                                                                                                                                                                                                                          ; altpll                                 ; work         ;
;          |PLL_CAM_altpll1:auto_generated|                                                                                               ; 0 (0)               ; 0 (0)                     ; 0           ; 0            ; 0       ; 0         ; 0    ; 0            ; |top_project|PLL_CAM:PLL_CAM_inst|altpll:altpll_component|PLL_CAM_altpll1:auto_generated                                                                                                                                                                                                                                                                                           ; PLL_CAM_altpll1                        ; work         ;
;    |camer:cam_inst|                                                                                                                     ; 307 (307)           ; 236 (236)                 ; 15384       ; 0            ; 0       ; 0         ; 0    ; 0            ; |top_project|camer:cam_inst                                                                                                                                                                                                                                                                                                                                                        ; camer                                  ; work         ;
;       |altsyncram:line_mem_rtl_0|                                                                                                       ; 0 (0)               ; 0 (0)                     ; 15384       ; 0            ; 0       ; 0         ; 0    ; 0            ; |top_project|camer:cam_inst|altsyncram:line_mem_rtl_0                                                                                                                                                                                                                                                                                                                              ; altsyncram                             ; work         ;
;          |altsyncram_k5h1:auto_generated|                                                                                               ; 0 (0)               ; 0 (0)                     ; 15384       ; 0            ; 0       ; 0         ; 0    ; 0            ; |top_project|camer:cam_inst|altsyncram:line_mem_rtl_0|altsyncram_k5h1:auto_generated                                                                                                                                                                                                                                                                                               ; altsyncram_k5h1                        ; work         ;
;    |frame_buffer:bank0|                                                                                                                 ; 209 (0)             ; 7 (1)                     ; 524288      ; 0            ; 0       ; 0         ; 0    ; 0            ; |top_project|frame_buffer:bank0                                                                                                                                                                                                                                                                                                                                                    ; frame_buffer                           ; work         ;
;       |altsyncram:ram_rtl_0|                                                                                                            ; 209 (0)             ; 6 (0)                     ; 524288      ; 0            ; 0       ; 0         ; 0    ; 0            ; |top_project|frame_buffer:bank0|altsyncram:ram_rtl_0                                                                                                                                                                                                                                                                                                                               ; altsyncram                             ; work         ;
;          |altsyncram_39f1:auto_generated|                                                                                               ; 209 (0)             ; 6 (6)                     ; 524288      ; 0            ; 0       ; 0         ; 0    ; 0            ; |top_project|frame_buffer:bank0|altsyncram:ram_rtl_0|altsyncram_39f1:auto_generated                                                                                                                                                                                                                                                                                                ; altsyncram_39f1                        ; work         ;
;             |decode_9aa:rden_decode_b|                                                                                                  ; 75 (75)             ; 0 (0)                     ; 0           ; 0            ; 0       ; 0         ; 0    ; 0            ; |top_project|frame_buffer:bank0|altsyncram:ram_rtl_0|altsyncram_39f1:auto_generated|decode_9aa:rden_decode_b                                                                                                                                                                                                                                                                       ; decode_9aa                             ; work         ;
;             |decode_gua:decode2|                                                                                                        ; 80 (80)             ; 0 (0)                     ; 0           ; 0            ; 0       ; 0         ; 0    ; 0            ; |top_project|frame_buffer:bank0|altsyncram:ram_rtl_0|altsyncram_39f1:auto_generated|decode_gua:decode2                                                                                                                                                                                                                                                                             ; decode_gua                             ; work         ;
;             |mux_pob:mux3|                                                                                                              ; 54 (54)             ; 0 (0)                     ; 0           ; 0            ; 0       ; 0         ; 0    ; 0            ; |top_project|frame_buffer:bank0|altsyncram:ram_rtl_0|altsyncram_39f1:auto_generated|mux_pob:mux3                                                                                                                                                                                                                                                                                   ; mux_pob                                ; work         ;
;    |frame_buffer:bank1|                                                                                                                 ; 122 (0)             ; 7 (1)                     ; 524288      ; 0            ; 0       ; 0         ; 0    ; 0            ; |top_project|frame_buffer:bank1                                                                                                                                                                                                                                                                                                                                                    ; frame_buffer                           ; work         ;
;       |altsyncram:ram_rtl_0|                                                                                                            ; 122 (0)             ; 6 (0)                     ; 524288      ; 0            ; 0       ; 0         ; 0    ; 0            ; |top_project|frame_buffer:bank1|altsyncram:ram_rtl_0                                                                                                                                                                                                                                                                                                                               ; altsyncram                             ; work         ;
;          |altsyncram_39f1:auto_generated|                                                                                               ; 122 (0)             ; 6 (6)                     ; 524288      ; 0            ; 0       ; 0         ; 0    ; 0            ; |top_project|frame_buffer:bank1|altsyncram:ram_rtl_0|altsyncram_39f1:auto_generated                                                                                                                                                                                                                                                                                                ; altsyncram_39f1                        ; work         ;
;             |decode_gua:decode2|                                                                                                        ; 68 (68)             ; 0 (0)                     ; 0           ; 0            ; 0       ; 0         ; 0    ; 0            ; |top_project|frame_buffer:bank1|altsyncram:ram_rtl_0|altsyncram_39f1:auto_generated|decode_gua:decode2                                                                                                                                                                                                                                                                             ; decode_gua                             ; work         ;
;             |mux_pob:mux3|                                                                                                              ; 54 (54)             ; 0 (0)                     ; 0           ; 0            ; 0       ; 0         ; 0    ; 0            ; |top_project|frame_buffer:bank1|altsyncram:ram_rtl_0|altsyncram_39f1:auto_generated|mux_pob:mux3                                                                                                                                                                                                                                                                                   ; mux_pob                                ; work         ;
;    |lpm_divide:Div0|                                                                                                                    ; 66 (0)              ; 0 (0)                     ; 0           ; 0            ; 0       ; 0         ; 0    ; 0            ; |top_project|lpm_divide:Div0                                                                                                                                                                                                                                                                                                                                                       ; lpm_divide                             ; work         ;
;       |lpm_divide_0jm:auto_generated|                                                                                                   ; 66 (0)              ; 0 (0)                     ; 0           ; 0            ; 0       ; 0         ; 0    ; 0            ; |top_project|lpm_divide:Div0|lpm_divide_0jm:auto_generated                                                                                                                                                                                                                                                                                                                         ; lpm_divide_0jm                         ; work         ;
;          |sign_div_unsign_olh:divider|                                                                                                  ; 66 (0)              ; 0 (0)                     ; 0           ; 0            ; 0       ; 0         ; 0    ; 0            ; |top_project|lpm_divide:Div0|lpm_divide_0jm:auto_generated|sign_div_unsign_olh:divider                                                                                                                                                                                                                                                                                             ; sign_div_unsign_olh                    ; work         ;
;             |alt_u_div_47f:divider|                                                                                                     ; 66 (66)             ; 0 (0)                     ; 0           ; 0            ; 0       ; 0         ; 0    ; 0            ; |top_project|lpm_divide:Div0|lpm_divide_0jm:auto_generated|sign_div_unsign_olh:divider|alt_u_div_47f:divider                                                                                                                                                                                                                                                                       ; alt_u_div_47f                          ; work         ;
;    |lpm_divide:Mod0|                                                                                                                    ; 339 (0)             ; 0 (0)                     ; 0           ; 0            ; 0       ; 0         ; 0    ; 0            ; |top_project|lpm_divide:Mod0                                                                                                                                                                                                                                                                                                                                                       ; lpm_divide                             ; work         ;
;       |lpm_divide_ucm:auto_generated|                                                                                                   ; 339 (0)             ; 0 (0)                     ; 0           ; 0            ; 0       ; 0         ; 0    ; 0            ; |top_project|lpm_divide:Mod0|lpm_divide_ucm:auto_generated                                                                                                                                                                                                                                                                                                                         ; lpm_divide_ucm                         ; work         ;
;          |sign_div_unsign_jnh:divider|                                                                                                  ; 339 (0)             ; 0 (0)                     ; 0           ; 0            ; 0       ; 0         ; 0    ; 0            ; |top_project|lpm_divide:Mod0|lpm_divide_ucm:auto_generated|sign_div_unsign_jnh:divider                                                                                                                                                                                                                                                                                             ; sign_div_unsign_jnh                    ; work         ;
;             |alt_u_div_qaf:divider|                                                                                                     ; 339 (339)           ; 0 (0)                     ; 0           ; 0            ; 0       ; 0         ; 0    ; 0            ; |top_project|lpm_divide:Mod0|lpm_divide_ucm:auto_generated|sign_div_unsign_jnh:divider|alt_u_div_qaf:divider                                                                                                                                                                                                                                                                       ; alt_u_div_qaf                          ; work         ;
;    |sld_hub:auto_hub|                                                                                                                   ; 129 (1)             ; 91 (0)                    ; 0           ; 0            ; 0       ; 0         ; 0    ; 0            ; |top_project|sld_hub:auto_hub                                                                                                                                                                                                                                                                                                                                                      ; sld_hub                                ; altera_sld   ;
;       |alt_sld_fab_with_jtag_input:\instrumentation_fabric_with_node_gen:fabric_gen_new_way:with_jtag_input_gen:instrumentation_fabric| ; 128 (0)             ; 91 (0)                    ; 0           ; 0            ; 0       ; 0         ; 0    ; 0            ; |top_project|sld_hub:auto_hub|alt_sld_fab_with_jtag_input:\instrumentation_fabric_with_node_gen:fabric_gen_new_way:with_jtag_input_gen:instrumentation_fabric                                                                                                                                                                                                                      ; alt_sld_fab_with_jtag_input            ; altera_sld   ;
;          |alt_sld_fab:instrumentation_fabric|                                                                                           ; 128 (0)             ; 91 (0)                    ; 0           ; 0            ; 0       ; 0         ; 0    ; 0            ; |top_project|sld_hub:auto_hub|alt_sld_fab_with_jtag_input:\instrumentation_fabric_with_node_gen:fabric_gen_new_way:with_jtag_input_gen:instrumentation_fabric|alt_sld_fab:instrumentation_fabric                                                                                                                                                                                   ; alt_sld_fab                            ; alt_sld_fab  ;
;             |alt_sld_fab_alt_sld_fab:alt_sld_fab|                                                                                       ; 128 (1)             ; 91 (5)                    ; 0           ; 0            ; 0       ; 0         ; 0    ; 0            ; |top_project|sld_hub:auto_hub|alt_sld_fab_with_jtag_input:\instrumentation_fabric_with_node_gen:fabric_gen_new_way:with_jtag_input_gen:instrumentation_fabric|alt_sld_fab:instrumentation_fabric|alt_sld_fab_alt_sld_fab:alt_sld_fab                                                                                                                                               ; alt_sld_fab_alt_sld_fab                ; alt_sld_fab  ;
;                |alt_sld_fab_alt_sld_fab_sldfabric:sldfabric|                                                                            ; 127 (0)             ; 86 (0)                    ; 0           ; 0            ; 0       ; 0         ; 0    ; 0            ; |top_project|sld_hub:auto_hub|alt_sld_fab_with_jtag_input:\instrumentation_fabric_with_node_gen:fabric_gen_new_way:with_jtag_input_gen:instrumentation_fabric|alt_sld_fab:instrumentation_fabric|alt_sld_fab_alt_sld_fab:alt_sld_fab|alt_sld_fab_alt_sld_fab_sldfabric:sldfabric                                                                                                   ; alt_sld_fab_alt_sld_fab_sldfabric      ; alt_sld_fab  ;
;                   |sld_jtag_hub:\jtag_hub_gen:real_sld_jtag_hub|                                                                        ; 127 (87)            ; 86 (58)                   ; 0           ; 0            ; 0       ; 0         ; 0    ; 0            ; |top_project|sld_hub:auto_hub|alt_sld_fab_with_jtag_input:\instrumentation_fabric_with_node_gen:fabric_gen_new_way:with_jtag_input_gen:instrumentation_fabric|alt_sld_fab:instrumentation_fabric|alt_sld_fab_alt_sld_fab:alt_sld_fab|alt_sld_fab_alt_sld_fab_sldfabric:sldfabric|sld_jtag_hub:\jtag_hub_gen:real_sld_jtag_hub                                                      ; sld_jtag_hub                           ; work         ;
;                      |sld_rom_sr:hub_info_reg|                                                                                          ; 22 (22)             ; 9 (9)                     ; 0           ; 0            ; 0       ; 0         ; 0    ; 0            ; |top_project|sld_hub:auto_hub|alt_sld_fab_with_jtag_input:\instrumentation_fabric_with_node_gen:fabric_gen_new_way:with_jtag_input_gen:instrumentation_fabric|alt_sld_fab:instrumentation_fabric|alt_sld_fab_alt_sld_fab:alt_sld_fab|alt_sld_fab_alt_sld_fab_sldfabric:sldfabric|sld_jtag_hub:\jtag_hub_gen:real_sld_jtag_hub|sld_rom_sr:hub_info_reg                              ; sld_rom_sr                             ; work         ;
;                      |sld_shadow_jsm:shadow_jsm|                                                                                        ; 18 (18)             ; 19 (19)                   ; 0           ; 0            ; 0       ; 0         ; 0    ; 0            ; |top_project|sld_hub:auto_hub|alt_sld_fab_with_jtag_input:\instrumentation_fabric_with_node_gen:fabric_gen_new_way:with_jtag_input_gen:instrumentation_fabric|alt_sld_fab:instrumentation_fabric|alt_sld_fab_alt_sld_fab:alt_sld_fab|alt_sld_fab_alt_sld_fab_sldfabric:sldfabric|sld_jtag_hub:\jtag_hub_gen:real_sld_jtag_hub|sld_shadow_jsm:shadow_jsm                            ; sld_shadow_jsm                         ; altera_sld   ;
;    |sld_signaltap:camera|                                                                                                               ; 750 (2)             ; 879 (70)                  ; 2293760     ; 0            ; 0       ; 0         ; 0    ; 0            ; |top_project|sld_signaltap:camera                                                                                                                                                                                                                                                                                                                                                  ; sld_signaltap                          ; work         ;
;       |sld_signaltap_impl:sld_signaltap_body|                                                                                           ; 748 (0)             ; 809 (0)                   ; 2293760     ; 0            ; 0       ; 0         ; 0    ; 0            ; |top_project|sld_signaltap:camera|sld_signaltap_impl:sld_signaltap_body                                                                                                                                                                                                                                                                                                            ; sld_signaltap_impl                     ; work         ;
;          |sld_signaltap_implb:sld_signaltap_body|                                                                                       ; 748 (86)            ; 809 (232)                 ; 2293760     ; 0            ; 0       ; 0         ; 0    ; 0            ; |top_project|sld_signaltap:camera|sld_signaltap_impl:sld_signaltap_body|sld_signaltap_implb:sld_signaltap_body                                                                                                                                                                                                                                                                     ; sld_signaltap_implb                    ; work         ;
;             |altdpram:\stp_non_zero_ram_gen:attribute_mem_gen:attribute_mem|                                                            ; 35 (0)              ; 100 (100)                 ; 0           ; 0            ; 0       ; 0         ; 0    ; 0            ; |top_project|sld_signaltap:camera|sld_signaltap_impl:sld_signaltap_body|sld_signaltap_implb:sld_signaltap_body|altdpram:\stp_non_zero_ram_gen:attribute_mem_gen:attribute_mem                                                                                                                                                                                                      ; altdpram                               ; work         ;
;                |lpm_decode:wdecoder|                                                                                                    ; 2 (0)               ; 0 (0)                     ; 0           ; 0            ; 0       ; 0         ; 0    ; 0            ; |top_project|sld_signaltap:camera|sld_signaltap_impl:sld_signaltap_body|sld_signaltap_implb:sld_signaltap_body|altdpram:\stp_non_zero_ram_gen:attribute_mem_gen:attribute_mem|lpm_decode:wdecoder                                                                                                                                                                                  ; lpm_decode                             ; work         ;
;                   |decode_dvf:auto_generated|                                                                                           ; 2 (2)               ; 0 (0)                     ; 0           ; 0            ; 0       ; 0         ; 0    ; 0            ; |top_project|sld_signaltap:camera|sld_signaltap_impl:sld_signaltap_body|sld_signaltap_implb:sld_signaltap_body|altdpram:\stp_non_zero_ram_gen:attribute_mem_gen:attribute_mem|lpm_decode:wdecoder|decode_dvf:auto_generated                                                                                                                                                        ; decode_dvf                             ; work         ;
;                |lpm_mux:mux|                                                                                                            ; 33 (0)              ; 0 (0)                     ; 0           ; 0            ; 0       ; 0         ; 0    ; 0            ; |top_project|sld_signaltap:camera|sld_signaltap_impl:sld_signaltap_body|sld_signaltap_implb:sld_signaltap_body|altdpram:\stp_non_zero_ram_gen:attribute_mem_gen:attribute_mem|lpm_mux:mux                                                                                                                                                                                          ; lpm_mux                                ; work         ;
;                   |mux_usc:auto_generated|                                                                                              ; 33 (33)             ; 0 (0)                     ; 0           ; 0            ; 0       ; 0         ; 0    ; 0            ; |top_project|sld_signaltap:camera|sld_signaltap_impl:sld_signaltap_body|sld_signaltap_implb:sld_signaltap_body|altdpram:\stp_non_zero_ram_gen:attribute_mem_gen:attribute_mem|lpm_mux:mux|mux_usc:auto_generated                                                                                                                                                                   ; mux_usc                                ; work         ;
;             |altsyncram:\stp_non_zero_ram_gen:stp_buffer_ram|                                                                           ; 148 (0)             ; 3 (0)                     ; 2293760     ; 0            ; 0       ; 0         ; 0    ; 0            ; |top_project|sld_signaltap:camera|sld_signaltap_impl:sld_signaltap_body|sld_signaltap_implb:sld_signaltap_body|altsyncram:\stp_non_zero_ram_gen:stp_buffer_ram                                                                                                                                                                                                                     ; altsyncram                             ; work         ;
;                |altsyncram_2f24:auto_generated|                                                                                         ; 148 (0)             ; 3 (3)                     ; 2293760     ; 0            ; 0       ; 0         ; 0    ; 0            ; |top_project|sld_signaltap:camera|sld_signaltap_impl:sld_signaltap_body|sld_signaltap_implb:sld_signaltap_body|altsyncram:\stp_non_zero_ram_gen:stp_buffer_ram|altsyncram_2f24:auto_generated                                                                                                                                                                                      ; altsyncram_2f24                        ; work         ;
;                   |decode_rsa:decode2|                                                                                                  ; 8 (8)               ; 0 (0)                     ; 0           ; 0            ; 0       ; 0         ; 0    ; 0            ; |top_project|sld_signaltap:camera|sld_signaltap_impl:sld_signaltap_body|sld_signaltap_implb:sld_signaltap_body|altsyncram:\stp_non_zero_ram_gen:stp_buffer_ram|altsyncram_2f24:auto_generated|decode_rsa:decode2                                                                                                                                                                   ; decode_rsa                             ; work         ;
;                   |mux_rob:mux3|                                                                                                        ; 140 (140)           ; 0 (0)                     ; 0           ; 0            ; 0       ; 0         ; 0    ; 0            ; |top_project|sld_signaltap:camera|sld_signaltap_impl:sld_signaltap_body|sld_signaltap_implb:sld_signaltap_body|altsyncram:\stp_non_zero_ram_gen:stp_buffer_ram|altsyncram_2f24:auto_generated|mux_rob:mux3                                                                                                                                                                         ; mux_rob                                ; work         ;
;             |lpm_shiftreg:segment_offset_config_deserialize|                                                                            ; 0 (0)               ; 16 (16)                   ; 0           ; 0            ; 0       ; 0         ; 0    ; 0            ; |top_project|sld_signaltap:camera|sld_signaltap_impl:sld_signaltap_body|sld_signaltap_implb:sld_signaltap_body|lpm_shiftreg:segment_offset_config_deserialize                                                                                                                                                                                                                      ; lpm_shiftreg                           ; work         ;
;             |lpm_shiftreg:status_register|                                                                                              ; 17 (17)             ; 17 (17)                   ; 0           ; 0            ; 0       ; 0         ; 0    ; 0            ; |top_project|sld_signaltap:camera|sld_signaltap_impl:sld_signaltap_body|sld_signaltap_implb:sld_signaltap_body|lpm_shiftreg:status_register                                                                                                                                                                                                                                        ; lpm_shiftreg                           ; work         ;
;             |serial_crc_16:\tdo_crc_gen:tdo_crc_calc|                                                                                   ; 14 (14)             ; 13 (13)                   ; 0           ; 0            ; 0       ; 0         ; 0    ; 0            ; |top_project|sld_signaltap:camera|sld_signaltap_impl:sld_signaltap_body|sld_signaltap_implb:sld_signaltap_body|serial_crc_16:\tdo_crc_gen:tdo_crc_calc                                                                                                                                                                                                                             ; serial_crc_16                          ; work         ;
;             |sld_buffer_manager:sld_buffer_manager_inst|                                                                                ; 116 (116)           ; 89 (89)                   ; 0           ; 0            ; 0       ; 0         ; 0    ; 0            ; |top_project|sld_signaltap:camera|sld_signaltap_impl:sld_signaltap_body|sld_signaltap_implb:sld_signaltap_body|sld_buffer_manager:sld_buffer_manager_inst                                                                                                                                                                                                                          ; sld_buffer_manager                     ; work         ;
;             |sld_ela_control:ela_control|                                                                                               ; 155 (1)             ; 201 (1)                   ; 0           ; 0            ; 0       ; 0         ; 0    ; 0            ; |top_project|sld_signaltap:camera|sld_signaltap_impl:sld_signaltap_body|sld_signaltap_implb:sld_signaltap_body|sld_ela_control:ela_control                                                                                                                                                                                                                                         ; sld_ela_control                        ; work         ;
;                |lpm_shiftreg:trigger_config_deserialize|                                                                                ; 0 (0)               ; 4 (4)                     ; 0           ; 0            ; 0       ; 0         ; 0    ; 0            ; |top_project|sld_signaltap:camera|sld_signaltap_impl:sld_signaltap_body|sld_signaltap_implb:sld_signaltap_body|sld_ela_control:ela_control|lpm_shiftreg:trigger_config_deserialize                                                                                                                                                                                                 ; lpm_shiftreg                           ; work         ;
;                |sld_ela_trigger:\multi_level_advanced_trigger_gen:advanced_trigger_wrapper|                                             ; 153 (0)             ; 185 (0)                   ; 0           ; 0            ; 0       ; 0         ; 0    ; 0            ; |top_project|sld_signaltap:camera|sld_signaltap_impl:sld_signaltap_body|sld_signaltap_implb:sld_signaltap_body|sld_ela_control:ela_control|sld_ela_trigger:\multi_level_advanced_trigger_gen:advanced_trigger_wrapper                                                                                                                                                              ; sld_ela_trigger                        ; work         ;
;                   |sld_ela_trigger_p2o:auto_generated|                                                                                  ; 153 (0)             ; 185 (0)                   ; 0           ; 0            ; 0       ; 0         ; 0    ; 0            ; |top_project|sld_signaltap:camera|sld_signaltap_impl:sld_signaltap_body|sld_signaltap_implb:sld_signaltap_body|sld_ela_control:ela_control|sld_ela_trigger:\multi_level_advanced_trigger_gen:advanced_trigger_wrapper|sld_ela_trigger_p2o:auto_generated                                                                                                                           ; sld_ela_trigger_p2o                    ; work         ;
;                      |sld_reserved_cam_dsp_vga_camera_1_e632:mgl_prim1|                                                                 ; 153 (105)           ; 185 (1)                   ; 0           ; 0            ; 0       ; 0         ; 0    ; 0            ; |top_project|sld_signaltap:camera|sld_signaltap_impl:sld_signaltap_body|sld_signaltap_implb:sld_signaltap_body|sld_ela_control:ela_control|sld_ela_trigger:\multi_level_advanced_trigger_gen:advanced_trigger_wrapper|sld_ela_trigger_p2o:auto_generated|sld_reserved_cam_dsp_vga_camera_1_e632:mgl_prim1                                                                          ; sld_reserved_cam_dsp_vga_camera_1_e632 ; work         ;
;                         |lpm_shiftreg:config_shiftreg_100|                                                                              ; 0 (0)               ; 3 (3)                     ; 0           ; 0            ; 0       ; 0         ; 0    ; 0            ; |top_project|sld_signaltap:camera|sld_signaltap_impl:sld_signaltap_body|sld_signaltap_implb:sld_signaltap_body|sld_ela_control:ela_control|sld_ela_trigger:\multi_level_advanced_trigger_gen:advanced_trigger_wrapper|sld_ela_trigger_p2o:auto_generated|sld_reserved_cam_dsp_vga_camera_1_e632:mgl_prim1|lpm_shiftreg:config_shiftreg_100                                         ; lpm_shiftreg                           ; work         ;
;                         |lpm_shiftreg:config_shiftreg_101|                                                                              ; 0 (0)               ; 1 (1)                     ; 0           ; 0            ; 0       ; 0         ; 0    ; 0            ; |top_project|sld_signaltap:camera|sld_signaltap_impl:sld_signaltap_body|sld_signaltap_implb:sld_signaltap_body|sld_ela_control:ela_control|sld_ela_trigger:\multi_level_advanced_trigger_gen:advanced_trigger_wrapper|sld_ela_trigger_p2o:auto_generated|sld_reserved_cam_dsp_vga_camera_1_e632:mgl_prim1|lpm_shiftreg:config_shiftreg_101                                         ; lpm_shiftreg                           ; work         ;
;                         |lpm_shiftreg:config_shiftreg_103|                                                                              ; 0 (0)               ; 3 (3)                     ; 0           ; 0            ; 0       ; 0         ; 0    ; 0            ; |top_project|sld_signaltap:camera|sld_signaltap_impl:sld_signaltap_body|sld_signaltap_implb:sld_signaltap_body|sld_ela_control:ela_control|sld_ela_trigger:\multi_level_advanced_trigger_gen:advanced_trigger_wrapper|sld_ela_trigger_p2o:auto_generated|sld_reserved_cam_dsp_vga_camera_1_e632:mgl_prim1|lpm_shiftreg:config_shiftreg_103                                         ; lpm_shiftreg                           ; work         ;
;                         |lpm_shiftreg:config_shiftreg_104|                                                                              ; 0 (0)               ; 1 (1)                     ; 0           ; 0            ; 0       ; 0         ; 0    ; 0            ; |top_project|sld_signaltap:camera|sld_signaltap_impl:sld_signaltap_body|sld_signaltap_implb:sld_signaltap_body|sld_ela_control:ela_control|sld_ela_trigger:\multi_level_advanced_trigger_gen:advanced_trigger_wrapper|sld_ela_trigger_p2o:auto_generated|sld_reserved_cam_dsp_vga_camera_1_e632:mgl_prim1|lpm_shiftreg:config_shiftreg_104                                         ; lpm_shiftreg                           ; work         ;
;                         |lpm_shiftreg:config_shiftreg_106|                                                                              ; 0 (0)               ; 3 (3)                     ; 0           ; 0            ; 0       ; 0         ; 0    ; 0            ; |top_project|sld_signaltap:camera|sld_signaltap_impl:sld_signaltap_body|sld_signaltap_implb:sld_signaltap_body|sld_ela_control:ela_control|sld_ela_trigger:\multi_level_advanced_trigger_gen:advanced_trigger_wrapper|sld_ela_trigger_p2o:auto_generated|sld_reserved_cam_dsp_vga_camera_1_e632:mgl_prim1|lpm_shiftreg:config_shiftreg_106                                         ; lpm_shiftreg                           ; work         ;
;                         |lpm_shiftreg:config_shiftreg_107|                                                                              ; 0 (0)               ; 1 (1)                     ; 0           ; 0            ; 0       ; 0         ; 0    ; 0            ; |top_project|sld_signaltap:camera|sld_signaltap_impl:sld_signaltap_body|sld_signaltap_implb:sld_signaltap_body|sld_ela_control:ela_control|sld_ela_trigger:\multi_level_advanced_trigger_gen:advanced_trigger_wrapper|sld_ela_trigger_p2o:auto_generated|sld_reserved_cam_dsp_vga_camera_1_e632:mgl_prim1|lpm_shiftreg:config_shiftreg_107                                         ; lpm_shiftreg                           ; work         ;
;                         |lpm_shiftreg:config_shiftreg_109|                                                                              ; 0 (0)               ; 3 (3)                     ; 0           ; 0            ; 0       ; 0         ; 0    ; 0            ; |top_project|sld_signaltap:camera|sld_signaltap_impl:sld_signaltap_body|sld_signaltap_implb:sld_signaltap_body|sld_ela_control:ela_control|sld_ela_trigger:\multi_level_advanced_trigger_gen:advanced_trigger_wrapper|sld_ela_trigger_p2o:auto_generated|sld_reserved_cam_dsp_vga_camera_1_e632:mgl_prim1|lpm_shiftreg:config_shiftreg_109                                         ; lpm_shiftreg                           ; work         ;
;                         |lpm_shiftreg:config_shiftreg_10|                                                                               ; 0 (0)               ; 3 (3)                     ; 0           ; 0            ; 0       ; 0         ; 0    ; 0            ; |top_project|sld_signaltap:camera|sld_signaltap_impl:sld_signaltap_body|sld_signaltap_implb:sld_signaltap_body|sld_ela_control:ela_control|sld_ela_trigger:\multi_level_advanced_trigger_gen:advanced_trigger_wrapper|sld_ela_trigger_p2o:auto_generated|sld_reserved_cam_dsp_vga_camera_1_e632:mgl_prim1|lpm_shiftreg:config_shiftreg_10                                          ; lpm_shiftreg                           ; work         ;
;                         |lpm_shiftreg:config_shiftreg_110|                                                                              ; 0 (0)               ; 1 (1)                     ; 0           ; 0            ; 0       ; 0         ; 0    ; 0            ; |top_project|sld_signaltap:camera|sld_signaltap_impl:sld_signaltap_body|sld_signaltap_implb:sld_signaltap_body|sld_ela_control:ela_control|sld_ela_trigger:\multi_level_advanced_trigger_gen:advanced_trigger_wrapper|sld_ela_trigger_p2o:auto_generated|sld_reserved_cam_dsp_vga_camera_1_e632:mgl_prim1|lpm_shiftreg:config_shiftreg_110                                         ; lpm_shiftreg                           ; work         ;
;                         |lpm_shiftreg:config_shiftreg_111|                                                                              ; 0 (0)               ; 3 (3)                     ; 0           ; 0            ; 0       ; 0         ; 0    ; 0            ; |top_project|sld_signaltap:camera|sld_signaltap_impl:sld_signaltap_body|sld_signaltap_implb:sld_signaltap_body|sld_ela_control:ela_control|sld_ela_trigger:\multi_level_advanced_trigger_gen:advanced_trigger_wrapper|sld_ela_trigger_p2o:auto_generated|sld_reserved_cam_dsp_vga_camera_1_e632:mgl_prim1|lpm_shiftreg:config_shiftreg_111                                         ; lpm_shiftreg                           ; work         ;
;                         |lpm_shiftreg:config_shiftreg_11|                                                                               ; 0 (0)               ; 1 (1)                     ; 0           ; 0            ; 0       ; 0         ; 0    ; 0            ; |top_project|sld_signaltap:camera|sld_signaltap_impl:sld_signaltap_body|sld_signaltap_implb:sld_signaltap_body|sld_ela_control:ela_control|sld_ela_trigger:\multi_level_advanced_trigger_gen:advanced_trigger_wrapper|sld_ela_trigger_p2o:auto_generated|sld_reserved_cam_dsp_vga_camera_1_e632:mgl_prim1|lpm_shiftreg:config_shiftreg_11                                          ; lpm_shiftreg                           ; work         ;
;                         |lpm_shiftreg:config_shiftreg_13|                                                                               ; 0 (0)               ; 3 (3)                     ; 0           ; 0            ; 0       ; 0         ; 0    ; 0            ; |top_project|sld_signaltap:camera|sld_signaltap_impl:sld_signaltap_body|sld_signaltap_implb:sld_signaltap_body|sld_ela_control:ela_control|sld_ela_trigger:\multi_level_advanced_trigger_gen:advanced_trigger_wrapper|sld_ela_trigger_p2o:auto_generated|sld_reserved_cam_dsp_vga_camera_1_e632:mgl_prim1|lpm_shiftreg:config_shiftreg_13                                          ; lpm_shiftreg                           ; work         ;
;                         |lpm_shiftreg:config_shiftreg_14|                                                                               ; 0 (0)               ; 1 (1)                     ; 0           ; 0            ; 0       ; 0         ; 0    ; 0            ; |top_project|sld_signaltap:camera|sld_signaltap_impl:sld_signaltap_body|sld_signaltap_implb:sld_signaltap_body|sld_ela_control:ela_control|sld_ela_trigger:\multi_level_advanced_trigger_gen:advanced_trigger_wrapper|sld_ela_trigger_p2o:auto_generated|sld_reserved_cam_dsp_vga_camera_1_e632:mgl_prim1|lpm_shiftreg:config_shiftreg_14                                          ; lpm_shiftreg                           ; work         ;
;                         |lpm_shiftreg:config_shiftreg_16|                                                                               ; 0 (0)               ; 3 (3)                     ; 0           ; 0            ; 0       ; 0         ; 0    ; 0            ; |top_project|sld_signaltap:camera|sld_signaltap_impl:sld_signaltap_body|sld_signaltap_implb:sld_signaltap_body|sld_ela_control:ela_control|sld_ela_trigger:\multi_level_advanced_trigger_gen:advanced_trigger_wrapper|sld_ela_trigger_p2o:auto_generated|sld_reserved_cam_dsp_vga_camera_1_e632:mgl_prim1|lpm_shiftreg:config_shiftreg_16                                          ; lpm_shiftreg                           ; work         ;
;                         |lpm_shiftreg:config_shiftreg_17|                                                                               ; 0 (0)               ; 1 (1)                     ; 0           ; 0            ; 0       ; 0         ; 0    ; 0            ; |top_project|sld_signaltap:camera|sld_signaltap_impl:sld_signaltap_body|sld_signaltap_implb:sld_signaltap_body|sld_ela_control:ela_control|sld_ela_trigger:\multi_level_advanced_trigger_gen:advanced_trigger_wrapper|sld_ela_trigger_p2o:auto_generated|sld_reserved_cam_dsp_vga_camera_1_e632:mgl_prim1|lpm_shiftreg:config_shiftreg_17                                          ; lpm_shiftreg                           ; work         ;
;                         |lpm_shiftreg:config_shiftreg_19|                                                                               ; 0 (0)               ; 3 (3)                     ; 0           ; 0            ; 0       ; 0         ; 0    ; 0            ; |top_project|sld_signaltap:camera|sld_signaltap_impl:sld_signaltap_body|sld_signaltap_implb:sld_signaltap_body|sld_ela_control:ela_control|sld_ela_trigger:\multi_level_advanced_trigger_gen:advanced_trigger_wrapper|sld_ela_trigger_p2o:auto_generated|sld_reserved_cam_dsp_vga_camera_1_e632:mgl_prim1|lpm_shiftreg:config_shiftreg_19                                          ; lpm_shiftreg                           ; work         ;
;                         |lpm_shiftreg:config_shiftreg_20|                                                                               ; 0 (0)               ; 1 (1)                     ; 0           ; 0            ; 0       ; 0         ; 0    ; 0            ; |top_project|sld_signaltap:camera|sld_signaltap_impl:sld_signaltap_body|sld_signaltap_implb:sld_signaltap_body|sld_ela_control:ela_control|sld_ela_trigger:\multi_level_advanced_trigger_gen:advanced_trigger_wrapper|sld_ela_trigger_p2o:auto_generated|sld_reserved_cam_dsp_vga_camera_1_e632:mgl_prim1|lpm_shiftreg:config_shiftreg_20                                          ; lpm_shiftreg                           ; work         ;
;                         |lpm_shiftreg:config_shiftreg_22|                                                                               ; 0 (0)               ; 3 (3)                     ; 0           ; 0            ; 0       ; 0         ; 0    ; 0            ; |top_project|sld_signaltap:camera|sld_signaltap_impl:sld_signaltap_body|sld_signaltap_implb:sld_signaltap_body|sld_ela_control:ela_control|sld_ela_trigger:\multi_level_advanced_trigger_gen:advanced_trigger_wrapper|sld_ela_trigger_p2o:auto_generated|sld_reserved_cam_dsp_vga_camera_1_e632:mgl_prim1|lpm_shiftreg:config_shiftreg_22                                          ; lpm_shiftreg                           ; work         ;
;                         |lpm_shiftreg:config_shiftreg_23|                                                                               ; 0 (0)               ; 1 (1)                     ; 0           ; 0            ; 0       ; 0         ; 0    ; 0            ; |top_project|sld_signaltap:camera|sld_signaltap_impl:sld_signaltap_body|sld_signaltap_implb:sld_signaltap_body|sld_ela_control:ela_control|sld_ela_trigger:\multi_level_advanced_trigger_gen:advanced_trigger_wrapper|sld_ela_trigger_p2o:auto_generated|sld_reserved_cam_dsp_vga_camera_1_e632:mgl_prim1|lpm_shiftreg:config_shiftreg_23                                          ; lpm_shiftreg                           ; work         ;
;                         |lpm_shiftreg:config_shiftreg_25|                                                                               ; 0 (0)               ; 3 (3)                     ; 0           ; 0            ; 0       ; 0         ; 0    ; 0            ; |top_project|sld_signaltap:camera|sld_signaltap_impl:sld_signaltap_body|sld_signaltap_implb:sld_signaltap_body|sld_ela_control:ela_control|sld_ela_trigger:\multi_level_advanced_trigger_gen:advanced_trigger_wrapper|sld_ela_trigger_p2o:auto_generated|sld_reserved_cam_dsp_vga_camera_1_e632:mgl_prim1|lpm_shiftreg:config_shiftreg_25                                          ; lpm_shiftreg                           ; work         ;
;                         |lpm_shiftreg:config_shiftreg_26|                                                                               ; 0 (0)               ; 1 (1)                     ; 0           ; 0            ; 0       ; 0         ; 0    ; 0            ; |top_project|sld_signaltap:camera|sld_signaltap_impl:sld_signaltap_body|sld_signaltap_implb:sld_signaltap_body|sld_ela_control:ela_control|sld_ela_trigger:\multi_level_advanced_trigger_gen:advanced_trigger_wrapper|sld_ela_trigger_p2o:auto_generated|sld_reserved_cam_dsp_vga_camera_1_e632:mgl_prim1|lpm_shiftreg:config_shiftreg_26                                          ; lpm_shiftreg                           ; work         ;
;                         |lpm_shiftreg:config_shiftreg_28|                                                                               ; 0 (0)               ; 3 (3)                     ; 0           ; 0            ; 0       ; 0         ; 0    ; 0            ; |top_project|sld_signaltap:camera|sld_signaltap_impl:sld_signaltap_body|sld_signaltap_implb:sld_signaltap_body|sld_ela_control:ela_control|sld_ela_trigger:\multi_level_advanced_trigger_gen:advanced_trigger_wrapper|sld_ela_trigger_p2o:auto_generated|sld_reserved_cam_dsp_vga_camera_1_e632:mgl_prim1|lpm_shiftreg:config_shiftreg_28                                          ; lpm_shiftreg                           ; work         ;
;                         |lpm_shiftreg:config_shiftreg_29|                                                                               ; 0 (0)               ; 1 (1)                     ; 0           ; 0            ; 0       ; 0         ; 0    ; 0            ; |top_project|sld_signaltap:camera|sld_signaltap_impl:sld_signaltap_body|sld_signaltap_implb:sld_signaltap_body|sld_ela_control:ela_control|sld_ela_trigger:\multi_level_advanced_trigger_gen:advanced_trigger_wrapper|sld_ela_trigger_p2o:auto_generated|sld_reserved_cam_dsp_vga_camera_1_e632:mgl_prim1|lpm_shiftreg:config_shiftreg_29                                          ; lpm_shiftreg                           ; work         ;
;                         |lpm_shiftreg:config_shiftreg_31|                                                                               ; 0 (0)               ; 3 (3)                     ; 0           ; 0            ; 0       ; 0         ; 0    ; 0            ; |top_project|sld_signaltap:camera|sld_signaltap_impl:sld_signaltap_body|sld_signaltap_implb:sld_signaltap_body|sld_ela_control:ela_control|sld_ela_trigger:\multi_level_advanced_trigger_gen:advanced_trigger_wrapper|sld_ela_trigger_p2o:auto_generated|sld_reserved_cam_dsp_vga_camera_1_e632:mgl_prim1|lpm_shiftreg:config_shiftreg_31                                          ; lpm_shiftreg                           ; work         ;
;                         |lpm_shiftreg:config_shiftreg_32|                                                                               ; 0 (0)               ; 1 (1)                     ; 0           ; 0            ; 0       ; 0         ; 0    ; 0            ; |top_project|sld_signaltap:camera|sld_signaltap_impl:sld_signaltap_body|sld_signaltap_implb:sld_signaltap_body|sld_ela_control:ela_control|sld_ela_trigger:\multi_level_advanced_trigger_gen:advanced_trigger_wrapper|sld_ela_trigger_p2o:auto_generated|sld_reserved_cam_dsp_vga_camera_1_e632:mgl_prim1|lpm_shiftreg:config_shiftreg_32                                          ; lpm_shiftreg                           ; work         ;
;                         |lpm_shiftreg:config_shiftreg_34|                                                                               ; 0 (0)               ; 3 (3)                     ; 0           ; 0            ; 0       ; 0         ; 0    ; 0            ; |top_project|sld_signaltap:camera|sld_signaltap_impl:sld_signaltap_body|sld_signaltap_implb:sld_signaltap_body|sld_ela_control:ela_control|sld_ela_trigger:\multi_level_advanced_trigger_gen:advanced_trigger_wrapper|sld_ela_trigger_p2o:auto_generated|sld_reserved_cam_dsp_vga_camera_1_e632:mgl_prim1|lpm_shiftreg:config_shiftreg_34                                          ; lpm_shiftreg                           ; work         ;
;                         |lpm_shiftreg:config_shiftreg_35|                                                                               ; 0 (0)               ; 1 (1)                     ; 0           ; 0            ; 0       ; 0         ; 0    ; 0            ; |top_project|sld_signaltap:camera|sld_signaltap_impl:sld_signaltap_body|sld_signaltap_implb:sld_signaltap_body|sld_ela_control:ela_control|sld_ela_trigger:\multi_level_advanced_trigger_gen:advanced_trigger_wrapper|sld_ela_trigger_p2o:auto_generated|sld_reserved_cam_dsp_vga_camera_1_e632:mgl_prim1|lpm_shiftreg:config_shiftreg_35                                          ; lpm_shiftreg                           ; work         ;
;                         |lpm_shiftreg:config_shiftreg_37|                                                                               ; 0 (0)               ; 3 (3)                     ; 0           ; 0            ; 0       ; 0         ; 0    ; 0            ; |top_project|sld_signaltap:camera|sld_signaltap_impl:sld_signaltap_body|sld_signaltap_implb:sld_signaltap_body|sld_ela_control:ela_control|sld_ela_trigger:\multi_level_advanced_trigger_gen:advanced_trigger_wrapper|sld_ela_trigger_p2o:auto_generated|sld_reserved_cam_dsp_vga_camera_1_e632:mgl_prim1|lpm_shiftreg:config_shiftreg_37                                          ; lpm_shiftreg                           ; work         ;
;                         |lpm_shiftreg:config_shiftreg_38|                                                                               ; 0 (0)               ; 1 (1)                     ; 0           ; 0            ; 0       ; 0         ; 0    ; 0            ; |top_project|sld_signaltap:camera|sld_signaltap_impl:sld_signaltap_body|sld_signaltap_implb:sld_signaltap_body|sld_ela_control:ela_control|sld_ela_trigger:\multi_level_advanced_trigger_gen:advanced_trigger_wrapper|sld_ela_trigger_p2o:auto_generated|sld_reserved_cam_dsp_vga_camera_1_e632:mgl_prim1|lpm_shiftreg:config_shiftreg_38                                          ; lpm_shiftreg                           ; work         ;
;                         |lpm_shiftreg:config_shiftreg_40|                                                                               ; 0 (0)               ; 3 (3)                     ; 0           ; 0            ; 0       ; 0         ; 0    ; 0            ; |top_project|sld_signaltap:camera|sld_signaltap_impl:sld_signaltap_body|sld_signaltap_implb:sld_signaltap_body|sld_ela_control:ela_control|sld_ela_trigger:\multi_level_advanced_trigger_gen:advanced_trigger_wrapper|sld_ela_trigger_p2o:auto_generated|sld_reserved_cam_dsp_vga_camera_1_e632:mgl_prim1|lpm_shiftreg:config_shiftreg_40                                          ; lpm_shiftreg                           ; work         ;
;                         |lpm_shiftreg:config_shiftreg_41|                                                                               ; 0 (0)               ; 1 (1)                     ; 0           ; 0            ; 0       ; 0         ; 0    ; 0            ; |top_project|sld_signaltap:camera|sld_signaltap_impl:sld_signaltap_body|sld_signaltap_implb:sld_signaltap_body|sld_ela_control:ela_control|sld_ela_trigger:\multi_level_advanced_trigger_gen:advanced_trigger_wrapper|sld_ela_trigger_p2o:auto_generated|sld_reserved_cam_dsp_vga_camera_1_e632:mgl_prim1|lpm_shiftreg:config_shiftreg_41                                          ; lpm_shiftreg                           ; work         ;
;                         |lpm_shiftreg:config_shiftreg_43|                                                                               ; 0 (0)               ; 3 (3)                     ; 0           ; 0            ; 0       ; 0         ; 0    ; 0            ; |top_project|sld_signaltap:camera|sld_signaltap_impl:sld_signaltap_body|sld_signaltap_implb:sld_signaltap_body|sld_ela_control:ela_control|sld_ela_trigger:\multi_level_advanced_trigger_gen:advanced_trigger_wrapper|sld_ela_trigger_p2o:auto_generated|sld_reserved_cam_dsp_vga_camera_1_e632:mgl_prim1|lpm_shiftreg:config_shiftreg_43                                          ; lpm_shiftreg                           ; work         ;
;                         |lpm_shiftreg:config_shiftreg_44|                                                                               ; 0 (0)               ; 1 (1)                     ; 0           ; 0            ; 0       ; 0         ; 0    ; 0            ; |top_project|sld_signaltap:camera|sld_signaltap_impl:sld_signaltap_body|sld_signaltap_implb:sld_signaltap_body|sld_ela_control:ela_control|sld_ela_trigger:\multi_level_advanced_trigger_gen:advanced_trigger_wrapper|sld_ela_trigger_p2o:auto_generated|sld_reserved_cam_dsp_vga_camera_1_e632:mgl_prim1|lpm_shiftreg:config_shiftreg_44                                          ; lpm_shiftreg                           ; work         ;
;                         |lpm_shiftreg:config_shiftreg_46|                                                                               ; 0 (0)               ; 3 (3)                     ; 0           ; 0            ; 0       ; 0         ; 0    ; 0            ; |top_project|sld_signaltap:camera|sld_signaltap_impl:sld_signaltap_body|sld_signaltap_implb:sld_signaltap_body|sld_ela_control:ela_control|sld_ela_trigger:\multi_level_advanced_trigger_gen:advanced_trigger_wrapper|sld_ela_trigger_p2o:auto_generated|sld_reserved_cam_dsp_vga_camera_1_e632:mgl_prim1|lpm_shiftreg:config_shiftreg_46                                          ; lpm_shiftreg                           ; work         ;
;                         |lpm_shiftreg:config_shiftreg_47|                                                                               ; 0 (0)               ; 1 (1)                     ; 0           ; 0            ; 0       ; 0         ; 0    ; 0            ; |top_project|sld_signaltap:camera|sld_signaltap_impl:sld_signaltap_body|sld_signaltap_implb:sld_signaltap_body|sld_ela_control:ela_control|sld_ela_trigger:\multi_level_advanced_trigger_gen:advanced_trigger_wrapper|sld_ela_trigger_p2o:auto_generated|sld_reserved_cam_dsp_vga_camera_1_e632:mgl_prim1|lpm_shiftreg:config_shiftreg_47                                          ; lpm_shiftreg                           ; work         ;
;                         |lpm_shiftreg:config_shiftreg_49|                                                                               ; 0 (0)               ; 3 (3)                     ; 0           ; 0            ; 0       ; 0         ; 0    ; 0            ; |top_project|sld_signaltap:camera|sld_signaltap_impl:sld_signaltap_body|sld_signaltap_implb:sld_signaltap_body|sld_ela_control:ela_control|sld_ela_trigger:\multi_level_advanced_trigger_gen:advanced_trigger_wrapper|sld_ela_trigger_p2o:auto_generated|sld_reserved_cam_dsp_vga_camera_1_e632:mgl_prim1|lpm_shiftreg:config_shiftreg_49                                          ; lpm_shiftreg                           ; work         ;
;                         |lpm_shiftreg:config_shiftreg_4|                                                                                ; 0 (0)               ; 3 (3)                     ; 0           ; 0            ; 0       ; 0         ; 0    ; 0            ; |top_project|sld_signaltap:camera|sld_signaltap_impl:sld_signaltap_body|sld_signaltap_implb:sld_signaltap_body|sld_ela_control:ela_control|sld_ela_trigger:\multi_level_advanced_trigger_gen:advanced_trigger_wrapper|sld_ela_trigger_p2o:auto_generated|sld_reserved_cam_dsp_vga_camera_1_e632:mgl_prim1|lpm_shiftreg:config_shiftreg_4                                           ; lpm_shiftreg                           ; work         ;
;                         |lpm_shiftreg:config_shiftreg_50|                                                                               ; 0 (0)               ; 1 (1)                     ; 0           ; 0            ; 0       ; 0         ; 0    ; 0            ; |top_project|sld_signaltap:camera|sld_signaltap_impl:sld_signaltap_body|sld_signaltap_implb:sld_signaltap_body|sld_ela_control:ela_control|sld_ela_trigger:\multi_level_advanced_trigger_gen:advanced_trigger_wrapper|sld_ela_trigger_p2o:auto_generated|sld_reserved_cam_dsp_vga_camera_1_e632:mgl_prim1|lpm_shiftreg:config_shiftreg_50                                          ; lpm_shiftreg                           ; work         ;
;                         |lpm_shiftreg:config_shiftreg_52|                                                                               ; 0 (0)               ; 3 (3)                     ; 0           ; 0            ; 0       ; 0         ; 0    ; 0            ; |top_project|sld_signaltap:camera|sld_signaltap_impl:sld_signaltap_body|sld_signaltap_implb:sld_signaltap_body|sld_ela_control:ela_control|sld_ela_trigger:\multi_level_advanced_trigger_gen:advanced_trigger_wrapper|sld_ela_trigger_p2o:auto_generated|sld_reserved_cam_dsp_vga_camera_1_e632:mgl_prim1|lpm_shiftreg:config_shiftreg_52                                          ; lpm_shiftreg                           ; work         ;
;                         |lpm_shiftreg:config_shiftreg_53|                                                                               ; 0 (0)               ; 1 (1)                     ; 0           ; 0            ; 0       ; 0         ; 0    ; 0            ; |top_project|sld_signaltap:camera|sld_signaltap_impl:sld_signaltap_body|sld_signaltap_implb:sld_signaltap_body|sld_ela_control:ela_control|sld_ela_trigger:\multi_level_advanced_trigger_gen:advanced_trigger_wrapper|sld_ela_trigger_p2o:auto_generated|sld_reserved_cam_dsp_vga_camera_1_e632:mgl_prim1|lpm_shiftreg:config_shiftreg_53                                          ; lpm_shiftreg                           ; work         ;
;                         |lpm_shiftreg:config_shiftreg_55|                                                                               ; 0 (0)               ; 3 (3)                     ; 0           ; 0            ; 0       ; 0         ; 0    ; 0            ; |top_project|sld_signaltap:camera|sld_signaltap_impl:sld_signaltap_body|sld_signaltap_implb:sld_signaltap_body|sld_ela_control:ela_control|sld_ela_trigger:\multi_level_advanced_trigger_gen:advanced_trigger_wrapper|sld_ela_trigger_p2o:auto_generated|sld_reserved_cam_dsp_vga_camera_1_e632:mgl_prim1|lpm_shiftreg:config_shiftreg_55                                          ; lpm_shiftreg                           ; work         ;
;                         |lpm_shiftreg:config_shiftreg_56|                                                                               ; 0 (0)               ; 1 (1)                     ; 0           ; 0            ; 0       ; 0         ; 0    ; 0            ; |top_project|sld_signaltap:camera|sld_signaltap_impl:sld_signaltap_body|sld_signaltap_implb:sld_signaltap_body|sld_ela_control:ela_control|sld_ela_trigger:\multi_level_advanced_trigger_gen:advanced_trigger_wrapper|sld_ela_trigger_p2o:auto_generated|sld_reserved_cam_dsp_vga_camera_1_e632:mgl_prim1|lpm_shiftreg:config_shiftreg_56                                          ; lpm_shiftreg                           ; work         ;
;                         |lpm_shiftreg:config_shiftreg_58|                                                                               ; 0 (0)               ; 3 (3)                     ; 0           ; 0            ; 0       ; 0         ; 0    ; 0            ; |top_project|sld_signaltap:camera|sld_signaltap_impl:sld_signaltap_body|sld_signaltap_implb:sld_signaltap_body|sld_ela_control:ela_control|sld_ela_trigger:\multi_level_advanced_trigger_gen:advanced_trigger_wrapper|sld_ela_trigger_p2o:auto_generated|sld_reserved_cam_dsp_vga_camera_1_e632:mgl_prim1|lpm_shiftreg:config_shiftreg_58                                          ; lpm_shiftreg                           ; work         ;
;                         |lpm_shiftreg:config_shiftreg_59|                                                                               ; 0 (0)               ; 1 (1)                     ; 0           ; 0            ; 0       ; 0         ; 0    ; 0            ; |top_project|sld_signaltap:camera|sld_signaltap_impl:sld_signaltap_body|sld_signaltap_implb:sld_signaltap_body|sld_ela_control:ela_control|sld_ela_trigger:\multi_level_advanced_trigger_gen:advanced_trigger_wrapper|sld_ela_trigger_p2o:auto_generated|sld_reserved_cam_dsp_vga_camera_1_e632:mgl_prim1|lpm_shiftreg:config_shiftreg_59                                          ; lpm_shiftreg                           ; work         ;
;                         |lpm_shiftreg:config_shiftreg_5|                                                                                ; 0 (0)               ; 1 (1)                     ; 0           ; 0            ; 0       ; 0         ; 0    ; 0            ; |top_project|sld_signaltap:camera|sld_signaltap_impl:sld_signaltap_body|sld_signaltap_implb:sld_signaltap_body|sld_ela_control:ela_control|sld_ela_trigger:\multi_level_advanced_trigger_gen:advanced_trigger_wrapper|sld_ela_trigger_p2o:auto_generated|sld_reserved_cam_dsp_vga_camera_1_e632:mgl_prim1|lpm_shiftreg:config_shiftreg_5                                           ; lpm_shiftreg                           ; work         ;
;                         |lpm_shiftreg:config_shiftreg_60|                                                                               ; 0 (0)               ; 3 (3)                     ; 0           ; 0            ; 0       ; 0         ; 0    ; 0            ; |top_project|sld_signaltap:camera|sld_signaltap_impl:sld_signaltap_body|sld_signaltap_implb:sld_signaltap_body|sld_ela_control:ela_control|sld_ela_trigger:\multi_level_advanced_trigger_gen:advanced_trigger_wrapper|sld_ela_trigger_p2o:auto_generated|sld_reserved_cam_dsp_vga_camera_1_e632:mgl_prim1|lpm_shiftreg:config_shiftreg_60                                          ; lpm_shiftreg                           ; work         ;
;                         |lpm_shiftreg:config_shiftreg_63|                                                                               ; 0 (0)               ; 3 (3)                     ; 0           ; 0            ; 0       ; 0         ; 0    ; 0            ; |top_project|sld_signaltap:camera|sld_signaltap_impl:sld_signaltap_body|sld_signaltap_implb:sld_signaltap_body|sld_ela_control:ela_control|sld_ela_trigger:\multi_level_advanced_trigger_gen:advanced_trigger_wrapper|sld_ela_trigger_p2o:auto_generated|sld_reserved_cam_dsp_vga_camera_1_e632:mgl_prim1|lpm_shiftreg:config_shiftreg_63                                          ; lpm_shiftreg                           ; work         ;
;                         |lpm_shiftreg:config_shiftreg_64|                                                                               ; 0 (0)               ; 1 (1)                     ; 0           ; 0            ; 0       ; 0         ; 0    ; 0            ; |top_project|sld_signaltap:camera|sld_signaltap_impl:sld_signaltap_body|sld_signaltap_implb:sld_signaltap_body|sld_ela_control:ela_control|sld_ela_trigger:\multi_level_advanced_trigger_gen:advanced_trigger_wrapper|sld_ela_trigger_p2o:auto_generated|sld_reserved_cam_dsp_vga_camera_1_e632:mgl_prim1|lpm_shiftreg:config_shiftreg_64                                          ; lpm_shiftreg                           ; work         ;
;                         |lpm_shiftreg:config_shiftreg_66|                                                                               ; 0 (0)               ; 3 (3)                     ; 0           ; 0            ; 0       ; 0         ; 0    ; 0            ; |top_project|sld_signaltap:camera|sld_signaltap_impl:sld_signaltap_body|sld_signaltap_implb:sld_signaltap_body|sld_ela_control:ela_control|sld_ela_trigger:\multi_level_advanced_trigger_gen:advanced_trigger_wrapper|sld_ela_trigger_p2o:auto_generated|sld_reserved_cam_dsp_vga_camera_1_e632:mgl_prim1|lpm_shiftreg:config_shiftreg_66                                          ; lpm_shiftreg                           ; work         ;
;                         |lpm_shiftreg:config_shiftreg_67|                                                                               ; 0 (0)               ; 1 (1)                     ; 0           ; 0            ; 0       ; 0         ; 0    ; 0            ; |top_project|sld_signaltap:camera|sld_signaltap_impl:sld_signaltap_body|sld_signaltap_implb:sld_signaltap_body|sld_ela_control:ela_control|sld_ela_trigger:\multi_level_advanced_trigger_gen:advanced_trigger_wrapper|sld_ela_trigger_p2o:auto_generated|sld_reserved_cam_dsp_vga_camera_1_e632:mgl_prim1|lpm_shiftreg:config_shiftreg_67                                          ; lpm_shiftreg                           ; work         ;
;                         |lpm_shiftreg:config_shiftreg_69|                                                                               ; 0 (0)               ; 3 (3)                     ; 0           ; 0            ; 0       ; 0         ; 0    ; 0            ; |top_project|sld_signaltap:camera|sld_signaltap_impl:sld_signaltap_body|sld_signaltap_implb:sld_signaltap_body|sld_ela_control:ela_control|sld_ela_trigger:\multi_level_advanced_trigger_gen:advanced_trigger_wrapper|sld_ela_trigger_p2o:auto_generated|sld_reserved_cam_dsp_vga_camera_1_e632:mgl_prim1|lpm_shiftreg:config_shiftreg_69                                          ; lpm_shiftreg                           ; work         ;
;                         |lpm_shiftreg:config_shiftreg_70|                                                                               ; 0 (0)               ; 1 (1)                     ; 0           ; 0            ; 0       ; 0         ; 0    ; 0            ; |top_project|sld_signaltap:camera|sld_signaltap_impl:sld_signaltap_body|sld_signaltap_implb:sld_signaltap_body|sld_ela_control:ela_control|sld_ela_trigger:\multi_level_advanced_trigger_gen:advanced_trigger_wrapper|sld_ela_trigger_p2o:auto_generated|sld_reserved_cam_dsp_vga_camera_1_e632:mgl_prim1|lpm_shiftreg:config_shiftreg_70                                          ; lpm_shiftreg                           ; work         ;
;                         |lpm_shiftreg:config_shiftreg_72|                                                                               ; 0 (0)               ; 3 (3)                     ; 0           ; 0            ; 0       ; 0         ; 0    ; 0            ; |top_project|sld_signaltap:camera|sld_signaltap_impl:sld_signaltap_body|sld_signaltap_implb:sld_signaltap_body|sld_ela_control:ela_control|sld_ela_trigger:\multi_level_advanced_trigger_gen:advanced_trigger_wrapper|sld_ela_trigger_p2o:auto_generated|sld_reserved_cam_dsp_vga_camera_1_e632:mgl_prim1|lpm_shiftreg:config_shiftreg_72                                          ; lpm_shiftreg                           ; work         ;
;                         |lpm_shiftreg:config_shiftreg_73|                                                                               ; 0 (0)               ; 1 (1)                     ; 0           ; 0            ; 0       ; 0         ; 0    ; 0            ; |top_project|sld_signaltap:camera|sld_signaltap_impl:sld_signaltap_body|sld_signaltap_implb:sld_signaltap_body|sld_ela_control:ela_control|sld_ela_trigger:\multi_level_advanced_trigger_gen:advanced_trigger_wrapper|sld_ela_trigger_p2o:auto_generated|sld_reserved_cam_dsp_vga_camera_1_e632:mgl_prim1|lpm_shiftreg:config_shiftreg_73                                          ; lpm_shiftreg                           ; work         ;
;                         |lpm_shiftreg:config_shiftreg_75|                                                                               ; 0 (0)               ; 3 (3)                     ; 0           ; 0            ; 0       ; 0         ; 0    ; 0            ; |top_project|sld_signaltap:camera|sld_signaltap_impl:sld_signaltap_body|sld_signaltap_implb:sld_signaltap_body|sld_ela_control:ela_control|sld_ela_trigger:\multi_level_advanced_trigger_gen:advanced_trigger_wrapper|sld_ela_trigger_p2o:auto_generated|sld_reserved_cam_dsp_vga_camera_1_e632:mgl_prim1|lpm_shiftreg:config_shiftreg_75                                          ; lpm_shiftreg                           ; work         ;
;                         |lpm_shiftreg:config_shiftreg_76|                                                                               ; 0 (0)               ; 1 (1)                     ; 0           ; 0            ; 0       ; 0         ; 0    ; 0            ; |top_project|sld_signaltap:camera|sld_signaltap_impl:sld_signaltap_body|sld_signaltap_implb:sld_signaltap_body|sld_ela_control:ela_control|sld_ela_trigger:\multi_level_advanced_trigger_gen:advanced_trigger_wrapper|sld_ela_trigger_p2o:auto_generated|sld_reserved_cam_dsp_vga_camera_1_e632:mgl_prim1|lpm_shiftreg:config_shiftreg_76                                          ; lpm_shiftreg                           ; work         ;
;                         |lpm_shiftreg:config_shiftreg_78|                                                                               ; 0 (0)               ; 3 (3)                     ; 0           ; 0            ; 0       ; 0         ; 0    ; 0            ; |top_project|sld_signaltap:camera|sld_signaltap_impl:sld_signaltap_body|sld_signaltap_implb:sld_signaltap_body|sld_ela_control:ela_control|sld_ela_trigger:\multi_level_advanced_trigger_gen:advanced_trigger_wrapper|sld_ela_trigger_p2o:auto_generated|sld_reserved_cam_dsp_vga_camera_1_e632:mgl_prim1|lpm_shiftreg:config_shiftreg_78                                          ; lpm_shiftreg                           ; work         ;
;                         |lpm_shiftreg:config_shiftreg_79|                                                                               ; 0 (0)               ; 1 (1)                     ; 0           ; 0            ; 0       ; 0         ; 0    ; 0            ; |top_project|sld_signaltap:camera|sld_signaltap_impl:sld_signaltap_body|sld_signaltap_implb:sld_signaltap_body|sld_ela_control:ela_control|sld_ela_trigger:\multi_level_advanced_trigger_gen:advanced_trigger_wrapper|sld_ela_trigger_p2o:auto_generated|sld_reserved_cam_dsp_vga_camera_1_e632:mgl_prim1|lpm_shiftreg:config_shiftreg_79                                          ; lpm_shiftreg                           ; work         ;
;                         |lpm_shiftreg:config_shiftreg_7|                                                                                ; 0 (0)               ; 3 (3)                     ; 0           ; 0            ; 0       ; 0         ; 0    ; 0            ; |top_project|sld_signaltap:camera|sld_signaltap_impl:sld_signaltap_body|sld_signaltap_implb:sld_signaltap_body|sld_ela_control:ela_control|sld_ela_trigger:\multi_level_advanced_trigger_gen:advanced_trigger_wrapper|sld_ela_trigger_p2o:auto_generated|sld_reserved_cam_dsp_vga_camera_1_e632:mgl_prim1|lpm_shiftreg:config_shiftreg_7                                           ; lpm_shiftreg                           ; work         ;
;                         |lpm_shiftreg:config_shiftreg_81|                                                                               ; 0 (0)               ; 3 (3)                     ; 0           ; 0            ; 0       ; 0         ; 0    ; 0            ; |top_project|sld_signaltap:camera|sld_signaltap_impl:sld_signaltap_body|sld_signaltap_implb:sld_signaltap_body|sld_ela_control:ela_control|sld_ela_trigger:\multi_level_advanced_trigger_gen:advanced_trigger_wrapper|sld_ela_trigger_p2o:auto_generated|sld_reserved_cam_dsp_vga_camera_1_e632:mgl_prim1|lpm_shiftreg:config_shiftreg_81                                          ; lpm_shiftreg                           ; work         ;
;                         |lpm_shiftreg:config_shiftreg_82|                                                                               ; 0 (0)               ; 1 (1)                     ; 0           ; 0            ; 0       ; 0         ; 0    ; 0            ; |top_project|sld_signaltap:camera|sld_signaltap_impl:sld_signaltap_body|sld_signaltap_implb:sld_signaltap_body|sld_ela_control:ela_control|sld_ela_trigger:\multi_level_advanced_trigger_gen:advanced_trigger_wrapper|sld_ela_trigger_p2o:auto_generated|sld_reserved_cam_dsp_vga_camera_1_e632:mgl_prim1|lpm_shiftreg:config_shiftreg_82                                          ; lpm_shiftreg                           ; work         ;
;                         |lpm_shiftreg:config_shiftreg_84|                                                                               ; 0 (0)               ; 3 (3)                     ; 0           ; 0            ; 0       ; 0         ; 0    ; 0            ; |top_project|sld_signaltap:camera|sld_signaltap_impl:sld_signaltap_body|sld_signaltap_implb:sld_signaltap_body|sld_ela_control:ela_control|sld_ela_trigger:\multi_level_advanced_trigger_gen:advanced_trigger_wrapper|sld_ela_trigger_p2o:auto_generated|sld_reserved_cam_dsp_vga_camera_1_e632:mgl_prim1|lpm_shiftreg:config_shiftreg_84                                          ; lpm_shiftreg                           ; work         ;
;                         |lpm_shiftreg:config_shiftreg_85|                                                                               ; 0 (0)               ; 1 (1)                     ; 0           ; 0            ; 0       ; 0         ; 0    ; 0            ; |top_project|sld_signaltap:camera|sld_signaltap_impl:sld_signaltap_body|sld_signaltap_implb:sld_signaltap_body|sld_ela_control:ela_control|sld_ela_trigger:\multi_level_advanced_trigger_gen:advanced_trigger_wrapper|sld_ela_trigger_p2o:auto_generated|sld_reserved_cam_dsp_vga_camera_1_e632:mgl_prim1|lpm_shiftreg:config_shiftreg_85                                          ; lpm_shiftreg                           ; work         ;
;                         |lpm_shiftreg:config_shiftreg_87|                                                                               ; 0 (0)               ; 3 (3)                     ; 0           ; 0            ; 0       ; 0         ; 0    ; 0            ; |top_project|sld_signaltap:camera|sld_signaltap_impl:sld_signaltap_body|sld_signaltap_implb:sld_signaltap_body|sld_ela_control:ela_control|sld_ela_trigger:\multi_level_advanced_trigger_gen:advanced_trigger_wrapper|sld_ela_trigger_p2o:auto_generated|sld_reserved_cam_dsp_vga_camera_1_e632:mgl_prim1|lpm_shiftreg:config_shiftreg_87                                          ; lpm_shiftreg                           ; work         ;
;                         |lpm_shiftreg:config_shiftreg_88|                                                                               ; 0 (0)               ; 1 (1)                     ; 0           ; 0            ; 0       ; 0         ; 0    ; 0            ; |top_project|sld_signaltap:camera|sld_signaltap_impl:sld_signaltap_body|sld_signaltap_implb:sld_signaltap_body|sld_ela_control:ela_control|sld_ela_trigger:\multi_level_advanced_trigger_gen:advanced_trigger_wrapper|sld_ela_trigger_p2o:auto_generated|sld_reserved_cam_dsp_vga_camera_1_e632:mgl_prim1|lpm_shiftreg:config_shiftreg_88                                          ; lpm_shiftreg                           ; work         ;
;                         |lpm_shiftreg:config_shiftreg_8|                                                                                ; 0 (0)               ; 1 (1)                     ; 0           ; 0            ; 0       ; 0         ; 0    ; 0            ; |top_project|sld_signaltap:camera|sld_signaltap_impl:sld_signaltap_body|sld_signaltap_implb:sld_signaltap_body|sld_ela_control:ela_control|sld_ela_trigger:\multi_level_advanced_trigger_gen:advanced_trigger_wrapper|sld_ela_trigger_p2o:auto_generated|sld_reserved_cam_dsp_vga_camera_1_e632:mgl_prim1|lpm_shiftreg:config_shiftreg_8                                           ; lpm_shiftreg                           ; work         ;
;                         |lpm_shiftreg:config_shiftreg_90|                                                                               ; 0 (0)               ; 3 (3)                     ; 0           ; 0            ; 0       ; 0         ; 0    ; 0            ; |top_project|sld_signaltap:camera|sld_signaltap_impl:sld_signaltap_body|sld_signaltap_implb:sld_signaltap_body|sld_ela_control:ela_control|sld_ela_trigger:\multi_level_advanced_trigger_gen:advanced_trigger_wrapper|sld_ela_trigger_p2o:auto_generated|sld_reserved_cam_dsp_vga_camera_1_e632:mgl_prim1|lpm_shiftreg:config_shiftreg_90                                          ; lpm_shiftreg                           ; work         ;
;                         |lpm_shiftreg:config_shiftreg_91|                                                                               ; 0 (0)               ; 1 (1)                     ; 0           ; 0            ; 0       ; 0         ; 0    ; 0            ; |top_project|sld_signaltap:camera|sld_signaltap_impl:sld_signaltap_body|sld_signaltap_implb:sld_signaltap_body|sld_ela_control:ela_control|sld_ela_trigger:\multi_level_advanced_trigger_gen:advanced_trigger_wrapper|sld_ela_trigger_p2o:auto_generated|sld_reserved_cam_dsp_vga_camera_1_e632:mgl_prim1|lpm_shiftreg:config_shiftreg_91                                          ; lpm_shiftreg                           ; work         ;
;                         |lpm_shiftreg:config_shiftreg_93|                                                                               ; 0 (0)               ; 3 (3)                     ; 0           ; 0            ; 0       ; 0         ; 0    ; 0            ; |top_project|sld_signaltap:camera|sld_signaltap_impl:sld_signaltap_body|sld_signaltap_implb:sld_signaltap_body|sld_ela_control:ela_control|sld_ela_trigger:\multi_level_advanced_trigger_gen:advanced_trigger_wrapper|sld_ela_trigger_p2o:auto_generated|sld_reserved_cam_dsp_vga_camera_1_e632:mgl_prim1|lpm_shiftreg:config_shiftreg_93                                          ; lpm_shiftreg                           ; work         ;
;                         |lpm_shiftreg:config_shiftreg_94|                                                                               ; 0 (0)               ; 1 (1)                     ; 0           ; 0            ; 0       ; 0         ; 0    ; 0            ; |top_project|sld_signaltap:camera|sld_signaltap_impl:sld_signaltap_body|sld_signaltap_implb:sld_signaltap_body|sld_ela_control:ela_control|sld_ela_trigger:\multi_level_advanced_trigger_gen:advanced_trigger_wrapper|sld_ela_trigger_p2o:auto_generated|sld_reserved_cam_dsp_vga_camera_1_e632:mgl_prim1|lpm_shiftreg:config_shiftreg_94                                          ; lpm_shiftreg                           ; work         ;
;                         |lpm_shiftreg:config_shiftreg_96|                                                                               ; 0 (0)               ; 3 (3)                     ; 0           ; 0            ; 0       ; 0         ; 0    ; 0            ; |top_project|sld_signaltap:camera|sld_signaltap_impl:sld_signaltap_body|sld_signaltap_implb:sld_signaltap_body|sld_ela_control:ela_control|sld_ela_trigger:\multi_level_advanced_trigger_gen:advanced_trigger_wrapper|sld_ela_trigger_p2o:auto_generated|sld_reserved_cam_dsp_vga_camera_1_e632:mgl_prim1|lpm_shiftreg:config_shiftreg_96                                          ; lpm_shiftreg                           ; work         ;
;                         |lpm_shiftreg:config_shiftreg_97|                                                                               ; 0 (0)               ; 1 (1)                     ; 0           ; 0            ; 0       ; 0         ; 0    ; 0            ; |top_project|sld_signaltap:camera|sld_signaltap_impl:sld_signaltap_body|sld_signaltap_implb:sld_signaltap_body|sld_ela_control:ela_control|sld_ela_trigger:\multi_level_advanced_trigger_gen:advanced_trigger_wrapper|sld_ela_trigger_p2o:auto_generated|sld_reserved_cam_dsp_vga_camera_1_e632:mgl_prim1|lpm_shiftreg:config_shiftreg_97                                          ; lpm_shiftreg                           ; work         ;
;                         |lpm_shiftreg:config_shiftreg_98|                                                                               ; 0 (0)               ; 3 (3)                     ; 0           ; 0            ; 0       ; 0         ; 0    ; 0            ; |top_project|sld_signaltap:camera|sld_signaltap_impl:sld_signaltap_body|sld_signaltap_implb:sld_signaltap_body|sld_ela_control:ela_control|sld_ela_trigger:\multi_level_advanced_trigger_gen:advanced_trigger_wrapper|sld_ela_trigger_p2o:auto_generated|sld_reserved_cam_dsp_vga_camera_1_e632:mgl_prim1|lpm_shiftreg:config_shiftreg_98                                          ; lpm_shiftreg                           ; work         ;
;                         |sld_alt_reduction:unary_1|                                                                                     ; 9 (9)               ; 0 (0)                     ; 0           ; 0            ; 0       ; 0         ; 0    ; 0            ; |top_project|sld_signaltap:camera|sld_signaltap_impl:sld_signaltap_body|sld_signaltap_implb:sld_signaltap_body|sld_ela_control:ela_control|sld_ela_trigger:\multi_level_advanced_trigger_gen:advanced_trigger_wrapper|sld_ela_trigger_p2o:auto_generated|sld_reserved_cam_dsp_vga_camera_1_e632:mgl_prim1|sld_alt_reduction:unary_1                                                ; sld_alt_reduction                      ; work         ;
;                         |sld_alt_reduction:unary_2|                                                                                     ; 21 (21)             ; 0 (0)                     ; 0           ; 0            ; 0       ; 0         ; 0    ; 0            ; |top_project|sld_signaltap:camera|sld_signaltap_impl:sld_signaltap_body|sld_signaltap_implb:sld_signaltap_body|sld_ela_control:ela_control|sld_ela_trigger:\multi_level_advanced_trigger_gen:advanced_trigger_wrapper|sld_ela_trigger_p2o:auto_generated|sld_reserved_cam_dsp_vga_camera_1_e632:mgl_prim1|sld_alt_reduction:unary_2                                                ; sld_alt_reduction                      ; work         ;
;                         |sld_alt_reduction:unary_61|                                                                                    ; 18 (18)             ; 0 (0)                     ; 0           ; 0            ; 0       ; 0         ; 0    ; 0            ; |top_project|sld_signaltap:camera|sld_signaltap_impl:sld_signaltap_body|sld_signaltap_implb:sld_signaltap_body|sld_ela_control:ela_control|sld_ela_trigger:\multi_level_advanced_trigger_gen:advanced_trigger_wrapper|sld_ela_trigger_p2o:auto_generated|sld_reserved_cam_dsp_vga_camera_1_e632:mgl_prim1|sld_alt_reduction:unary_61                                               ; sld_alt_reduction                      ; work         ;
;                         |sld_mbpmg:mbpm_102|                                                                                            ; 0 (0)               ; 1 (0)                     ; 0           ; 0            ; 0       ; 0         ; 0    ; 0            ; |top_project|sld_signaltap:camera|sld_signaltap_impl:sld_signaltap_body|sld_signaltap_implb:sld_signaltap_body|sld_ela_control:ela_control|sld_ela_trigger:\multi_level_advanced_trigger_gen:advanced_trigger_wrapper|sld_ela_trigger_p2o:auto_generated|sld_reserved_cam_dsp_vga_camera_1_e632:mgl_prim1|sld_mbpmg:mbpm_102                                                       ; sld_mbpmg                              ; work         ;
;                            |sld_sbpmg:\gen_sbpmg_pipeline_less_than_two:sm0:0:sm1|                                                      ; 0 (0)               ; 1 (1)                     ; 0           ; 0            ; 0       ; 0         ; 0    ; 0            ; |top_project|sld_signaltap:camera|sld_signaltap_impl:sld_signaltap_body|sld_signaltap_implb:sld_signaltap_body|sld_ela_control:ela_control|sld_ela_trigger:\multi_level_advanced_trigger_gen:advanced_trigger_wrapper|sld_ela_trigger_p2o:auto_generated|sld_reserved_cam_dsp_vga_camera_1_e632:mgl_prim1|sld_mbpmg:mbpm_102|sld_sbpmg:\gen_sbpmg_pipeline_less_than_two:sm0:0:sm1 ; sld_sbpmg                              ; work         ;
;                         |sld_mbpmg:mbpm_105|                                                                                            ; 0 (0)               ; 1 (0)                     ; 0           ; 0            ; 0       ; 0         ; 0    ; 0            ; |top_project|sld_signaltap:camera|sld_signaltap_impl:sld_signaltap_body|sld_signaltap_implb:sld_signaltap_body|sld_ela_control:ela_control|sld_ela_trigger:\multi_level_advanced_trigger_gen:advanced_trigger_wrapper|sld_ela_trigger_p2o:auto_generated|sld_reserved_cam_dsp_vga_camera_1_e632:mgl_prim1|sld_mbpmg:mbpm_105                                                       ; sld_mbpmg                              ; work         ;
;                            |sld_sbpmg:\gen_sbpmg_pipeline_less_than_two:sm0:0:sm1|                                                      ; 0 (0)               ; 1 (1)                     ; 0           ; 0            ; 0       ; 0         ; 0    ; 0            ; |top_project|sld_signaltap:camera|sld_signaltap_impl:sld_signaltap_body|sld_signaltap_implb:sld_signaltap_body|sld_ela_control:ela_control|sld_ela_trigger:\multi_level_advanced_trigger_gen:advanced_trigger_wrapper|sld_ela_trigger_p2o:auto_generated|sld_reserved_cam_dsp_vga_camera_1_e632:mgl_prim1|sld_mbpmg:mbpm_105|sld_sbpmg:\gen_sbpmg_pipeline_less_than_two:sm0:0:sm1 ; sld_sbpmg                              ; work         ;
;                         |sld_mbpmg:mbpm_108|                                                                                            ; 0 (0)               ; 1 (0)                     ; 0           ; 0            ; 0       ; 0         ; 0    ; 0            ; |top_project|sld_signaltap:camera|sld_signaltap_impl:sld_signaltap_body|sld_signaltap_implb:sld_signaltap_body|sld_ela_control:ela_control|sld_ela_trigger:\multi_level_advanced_trigger_gen:advanced_trigger_wrapper|sld_ela_trigger_p2o:auto_generated|sld_reserved_cam_dsp_vga_camera_1_e632:mgl_prim1|sld_mbpmg:mbpm_108                                                       ; sld_mbpmg                              ; work         ;
;                            |sld_sbpmg:\gen_sbpmg_pipeline_less_than_two:sm0:0:sm1|                                                      ; 0 (0)               ; 1 (1)                     ; 0           ; 0            ; 0       ; 0         ; 0    ; 0            ; |top_project|sld_signaltap:camera|sld_signaltap_impl:sld_signaltap_body|sld_signaltap_implb:sld_signaltap_body|sld_ela_control:ela_control|sld_ela_trigger:\multi_level_advanced_trigger_gen:advanced_trigger_wrapper|sld_ela_trigger_p2o:auto_generated|sld_reserved_cam_dsp_vga_camera_1_e632:mgl_prim1|sld_mbpmg:mbpm_108|sld_sbpmg:\gen_sbpmg_pipeline_less_than_two:sm0:0:sm1 ; sld_sbpmg                              ; work         ;
;                         |sld_mbpmg:mbpm_12|                                                                                             ; 0 (0)               ; 1 (0)                     ; 0           ; 0            ; 0       ; 0         ; 0    ; 0            ; |top_project|sld_signaltap:camera|sld_signaltap_impl:sld_signaltap_body|sld_signaltap_implb:sld_signaltap_body|sld_ela_control:ela_control|sld_ela_trigger:\multi_level_advanced_trigger_gen:advanced_trigger_wrapper|sld_ela_trigger_p2o:auto_generated|sld_reserved_cam_dsp_vga_camera_1_e632:mgl_prim1|sld_mbpmg:mbpm_12                                                        ; sld_mbpmg                              ; work         ;
;                            |sld_sbpmg:\gen_sbpmg_pipeline_less_than_two:sm0:0:sm1|                                                      ; 0 (0)               ; 1 (1)                     ; 0           ; 0            ; 0       ; 0         ; 0    ; 0            ; |top_project|sld_signaltap:camera|sld_signaltap_impl:sld_signaltap_body|sld_signaltap_implb:sld_signaltap_body|sld_ela_control:ela_control|sld_ela_trigger:\multi_level_advanced_trigger_gen:advanced_trigger_wrapper|sld_ela_trigger_p2o:auto_generated|sld_reserved_cam_dsp_vga_camera_1_e632:mgl_prim1|sld_mbpmg:mbpm_12|sld_sbpmg:\gen_sbpmg_pipeline_less_than_two:sm0:0:sm1  ; sld_sbpmg                              ; work         ;
;                         |sld_mbpmg:mbpm_15|                                                                                             ; 0 (0)               ; 1 (0)                     ; 0           ; 0            ; 0       ; 0         ; 0    ; 0            ; |top_project|sld_signaltap:camera|sld_signaltap_impl:sld_signaltap_body|sld_signaltap_implb:sld_signaltap_body|sld_ela_control:ela_control|sld_ela_trigger:\multi_level_advanced_trigger_gen:advanced_trigger_wrapper|sld_ela_trigger_p2o:auto_generated|sld_reserved_cam_dsp_vga_camera_1_e632:mgl_prim1|sld_mbpmg:mbpm_15                                                        ; sld_mbpmg                              ; work         ;
;                            |sld_sbpmg:\gen_sbpmg_pipeline_less_than_two:sm0:0:sm1|                                                      ; 0 (0)               ; 1 (1)                     ; 0           ; 0            ; 0       ; 0         ; 0    ; 0            ; |top_project|sld_signaltap:camera|sld_signaltap_impl:sld_signaltap_body|sld_signaltap_implb:sld_signaltap_body|sld_ela_control:ela_control|sld_ela_trigger:\multi_level_advanced_trigger_gen:advanced_trigger_wrapper|sld_ela_trigger_p2o:auto_generated|sld_reserved_cam_dsp_vga_camera_1_e632:mgl_prim1|sld_mbpmg:mbpm_15|sld_sbpmg:\gen_sbpmg_pipeline_less_than_two:sm0:0:sm1  ; sld_sbpmg                              ; work         ;
;                         |sld_mbpmg:mbpm_18|                                                                                             ; 0 (0)               ; 1 (0)                     ; 0           ; 0            ; 0       ; 0         ; 0    ; 0            ; |top_project|sld_signaltap:camera|sld_signaltap_impl:sld_signaltap_body|sld_signaltap_implb:sld_signaltap_body|sld_ela_control:ela_control|sld_ela_trigger:\multi_level_advanced_trigger_gen:advanced_trigger_wrapper|sld_ela_trigger_p2o:auto_generated|sld_reserved_cam_dsp_vga_camera_1_e632:mgl_prim1|sld_mbpmg:mbpm_18                                                        ; sld_mbpmg                              ; work         ;
;                            |sld_sbpmg:\gen_sbpmg_pipeline_less_than_two:sm0:0:sm1|                                                      ; 0 (0)               ; 1 (1)                     ; 0           ; 0            ; 0       ; 0         ; 0    ; 0            ; |top_project|sld_signaltap:camera|sld_signaltap_impl:sld_signaltap_body|sld_signaltap_implb:sld_signaltap_body|sld_ela_control:ela_control|sld_ela_trigger:\multi_level_advanced_trigger_gen:advanced_trigger_wrapper|sld_ela_trigger_p2o:auto_generated|sld_reserved_cam_dsp_vga_camera_1_e632:mgl_prim1|sld_mbpmg:mbpm_18|sld_sbpmg:\gen_sbpmg_pipeline_less_than_two:sm0:0:sm1  ; sld_sbpmg                              ; work         ;
;                         |sld_mbpmg:mbpm_21|                                                                                             ; 0 (0)               ; 1 (0)                     ; 0           ; 0            ; 0       ; 0         ; 0    ; 0            ; |top_project|sld_signaltap:camera|sld_signaltap_impl:sld_signaltap_body|sld_signaltap_implb:sld_signaltap_body|sld_ela_control:ela_control|sld_ela_trigger:\multi_level_advanced_trigger_gen:advanced_trigger_wrapper|sld_ela_trigger_p2o:auto_generated|sld_reserved_cam_dsp_vga_camera_1_e632:mgl_prim1|sld_mbpmg:mbpm_21                                                        ; sld_mbpmg                              ; work         ;
;                            |sld_sbpmg:\gen_sbpmg_pipeline_less_than_two:sm0:0:sm1|                                                      ; 0 (0)               ; 1 (1)                     ; 0           ; 0            ; 0       ; 0         ; 0    ; 0            ; |top_project|sld_signaltap:camera|sld_signaltap_impl:sld_signaltap_body|sld_signaltap_implb:sld_signaltap_body|sld_ela_control:ela_control|sld_ela_trigger:\multi_level_advanced_trigger_gen:advanced_trigger_wrapper|sld_ela_trigger_p2o:auto_generated|sld_reserved_cam_dsp_vga_camera_1_e632:mgl_prim1|sld_mbpmg:mbpm_21|sld_sbpmg:\gen_sbpmg_pipeline_less_than_two:sm0:0:sm1  ; sld_sbpmg                              ; work         ;
;                         |sld_mbpmg:mbpm_24|                                                                                             ; 0 (0)               ; 1 (0)                     ; 0           ; 0            ; 0       ; 0         ; 0    ; 0            ; |top_project|sld_signaltap:camera|sld_signaltap_impl:sld_signaltap_body|sld_signaltap_implb:sld_signaltap_body|sld_ela_control:ela_control|sld_ela_trigger:\multi_level_advanced_trigger_gen:advanced_trigger_wrapper|sld_ela_trigger_p2o:auto_generated|sld_reserved_cam_dsp_vga_camera_1_e632:mgl_prim1|sld_mbpmg:mbpm_24                                                        ; sld_mbpmg                              ; work         ;
;                            |sld_sbpmg:\gen_sbpmg_pipeline_less_than_two:sm0:0:sm1|                                                      ; 0 (0)               ; 1 (1)                     ; 0           ; 0            ; 0       ; 0         ; 0    ; 0            ; |top_project|sld_signaltap:camera|sld_signaltap_impl:sld_signaltap_body|sld_signaltap_implb:sld_signaltap_body|sld_ela_control:ela_control|sld_ela_trigger:\multi_level_advanced_trigger_gen:advanced_trigger_wrapper|sld_ela_trigger_p2o:auto_generated|sld_reserved_cam_dsp_vga_camera_1_e632:mgl_prim1|sld_mbpmg:mbpm_24|sld_sbpmg:\gen_sbpmg_pipeline_less_than_two:sm0:0:sm1  ; sld_sbpmg                              ; work         ;
;                         |sld_mbpmg:mbpm_27|                                                                                             ; 0 (0)               ; 1 (0)                     ; 0           ; 0            ; 0       ; 0         ; 0    ; 0            ; |top_project|sld_signaltap:camera|sld_signaltap_impl:sld_signaltap_body|sld_signaltap_implb:sld_signaltap_body|sld_ela_control:ela_control|sld_ela_trigger:\multi_level_advanced_trigger_gen:advanced_trigger_wrapper|sld_ela_trigger_p2o:auto_generated|sld_reserved_cam_dsp_vga_camera_1_e632:mgl_prim1|sld_mbpmg:mbpm_27                                                        ; sld_mbpmg                              ; work         ;
;                            |sld_sbpmg:\gen_sbpmg_pipeline_less_than_two:sm0:0:sm1|                                                      ; 0 (0)               ; 1 (1)                     ; 0           ; 0            ; 0       ; 0         ; 0    ; 0            ; |top_project|sld_signaltap:camera|sld_signaltap_impl:sld_signaltap_body|sld_signaltap_implb:sld_signaltap_body|sld_ela_control:ela_control|sld_ela_trigger:\multi_level_advanced_trigger_gen:advanced_trigger_wrapper|sld_ela_trigger_p2o:auto_generated|sld_reserved_cam_dsp_vga_camera_1_e632:mgl_prim1|sld_mbpmg:mbpm_27|sld_sbpmg:\gen_sbpmg_pipeline_less_than_two:sm0:0:sm1  ; sld_sbpmg                              ; work         ;
;                         |sld_mbpmg:mbpm_30|                                                                                             ; 0 (0)               ; 1 (0)                     ; 0           ; 0            ; 0       ; 0         ; 0    ; 0            ; |top_project|sld_signaltap:camera|sld_signaltap_impl:sld_signaltap_body|sld_signaltap_implb:sld_signaltap_body|sld_ela_control:ela_control|sld_ela_trigger:\multi_level_advanced_trigger_gen:advanced_trigger_wrapper|sld_ela_trigger_p2o:auto_generated|sld_reserved_cam_dsp_vga_camera_1_e632:mgl_prim1|sld_mbpmg:mbpm_30                                                        ; sld_mbpmg                              ; work         ;
;                            |sld_sbpmg:\gen_sbpmg_pipeline_less_than_two:sm0:0:sm1|                                                      ; 0 (0)               ; 1 (1)                     ; 0           ; 0            ; 0       ; 0         ; 0    ; 0            ; |top_project|sld_signaltap:camera|sld_signaltap_impl:sld_signaltap_body|sld_signaltap_implb:sld_signaltap_body|sld_ela_control:ela_control|sld_ela_trigger:\multi_level_advanced_trigger_gen:advanced_trigger_wrapper|sld_ela_trigger_p2o:auto_generated|sld_reserved_cam_dsp_vga_camera_1_e632:mgl_prim1|sld_mbpmg:mbpm_30|sld_sbpmg:\gen_sbpmg_pipeline_less_than_two:sm0:0:sm1  ; sld_sbpmg                              ; work         ;
;                         |sld_mbpmg:mbpm_33|                                                                                             ; 0 (0)               ; 1 (0)                     ; 0           ; 0            ; 0       ; 0         ; 0    ; 0            ; |top_project|sld_signaltap:camera|sld_signaltap_impl:sld_signaltap_body|sld_signaltap_implb:sld_signaltap_body|sld_ela_control:ela_control|sld_ela_trigger:\multi_level_advanced_trigger_gen:advanced_trigger_wrapper|sld_ela_trigger_p2o:auto_generated|sld_reserved_cam_dsp_vga_camera_1_e632:mgl_prim1|sld_mbpmg:mbpm_33                                                        ; sld_mbpmg                              ; work         ;
;                            |sld_sbpmg:\gen_sbpmg_pipeline_less_than_two:sm0:0:sm1|                                                      ; 0 (0)               ; 1 (1)                     ; 0           ; 0            ; 0       ; 0         ; 0    ; 0            ; |top_project|sld_signaltap:camera|sld_signaltap_impl:sld_signaltap_body|sld_signaltap_implb:sld_signaltap_body|sld_ela_control:ela_control|sld_ela_trigger:\multi_level_advanced_trigger_gen:advanced_trigger_wrapper|sld_ela_trigger_p2o:auto_generated|sld_reserved_cam_dsp_vga_camera_1_e632:mgl_prim1|sld_mbpmg:mbpm_33|sld_sbpmg:\gen_sbpmg_pipeline_less_than_two:sm0:0:sm1  ; sld_sbpmg                              ; work         ;
;                         |sld_mbpmg:mbpm_36|                                                                                             ; 0 (0)               ; 1 (0)                     ; 0           ; 0            ; 0       ; 0         ; 0    ; 0            ; |top_project|sld_signaltap:camera|sld_signaltap_impl:sld_signaltap_body|sld_signaltap_implb:sld_signaltap_body|sld_ela_control:ela_control|sld_ela_trigger:\multi_level_advanced_trigger_gen:advanced_trigger_wrapper|sld_ela_trigger_p2o:auto_generated|sld_reserved_cam_dsp_vga_camera_1_e632:mgl_prim1|sld_mbpmg:mbpm_36                                                        ; sld_mbpmg                              ; work         ;
;                            |sld_sbpmg:\gen_sbpmg_pipeline_less_than_two:sm0:0:sm1|                                                      ; 0 (0)               ; 1 (1)                     ; 0           ; 0            ; 0       ; 0         ; 0    ; 0            ; |top_project|sld_signaltap:camera|sld_signaltap_impl:sld_signaltap_body|sld_signaltap_implb:sld_signaltap_body|sld_ela_control:ela_control|sld_ela_trigger:\multi_level_advanced_trigger_gen:advanced_trigger_wrapper|sld_ela_trigger_p2o:auto_generated|sld_reserved_cam_dsp_vga_camera_1_e632:mgl_prim1|sld_mbpmg:mbpm_36|sld_sbpmg:\gen_sbpmg_pipeline_less_than_two:sm0:0:sm1  ; sld_sbpmg                              ; work         ;
;                         |sld_mbpmg:mbpm_39|                                                                                             ; 0 (0)               ; 1 (0)                     ; 0           ; 0            ; 0       ; 0         ; 0    ; 0            ; |top_project|sld_signaltap:camera|sld_signaltap_impl:sld_signaltap_body|sld_signaltap_implb:sld_signaltap_body|sld_ela_control:ela_control|sld_ela_trigger:\multi_level_advanced_trigger_gen:advanced_trigger_wrapper|sld_ela_trigger_p2o:auto_generated|sld_reserved_cam_dsp_vga_camera_1_e632:mgl_prim1|sld_mbpmg:mbpm_39                                                        ; sld_mbpmg                              ; work         ;
;                            |sld_sbpmg:\gen_sbpmg_pipeline_less_than_two:sm0:0:sm1|                                                      ; 0 (0)               ; 1 (1)                     ; 0           ; 0            ; 0       ; 0         ; 0    ; 0            ; |top_project|sld_signaltap:camera|sld_signaltap_impl:sld_signaltap_body|sld_signaltap_implb:sld_signaltap_body|sld_ela_control:ela_control|sld_ela_trigger:\multi_level_advanced_trigger_gen:advanced_trigger_wrapper|sld_ela_trigger_p2o:auto_generated|sld_reserved_cam_dsp_vga_camera_1_e632:mgl_prim1|sld_mbpmg:mbpm_39|sld_sbpmg:\gen_sbpmg_pipeline_less_than_two:sm0:0:sm1  ; sld_sbpmg                              ; work         ;
;                         |sld_mbpmg:mbpm_3|                                                                                              ; 0 (0)               ; 1 (0)                     ; 0           ; 0            ; 0       ; 0         ; 0    ; 0            ; |top_project|sld_signaltap:camera|sld_signaltap_impl:sld_signaltap_body|sld_signaltap_implb:sld_signaltap_body|sld_ela_control:ela_control|sld_ela_trigger:\multi_level_advanced_trigger_gen:advanced_trigger_wrapper|sld_ela_trigger_p2o:auto_generated|sld_reserved_cam_dsp_vga_camera_1_e632:mgl_prim1|sld_mbpmg:mbpm_3                                                         ; sld_mbpmg                              ; work         ;
;                            |sld_sbpmg:\gen_sbpmg_pipeline_less_than_two:sm0:0:sm1|                                                      ; 0 (0)               ; 1 (1)                     ; 0           ; 0            ; 0       ; 0         ; 0    ; 0            ; |top_project|sld_signaltap:camera|sld_signaltap_impl:sld_signaltap_body|sld_signaltap_implb:sld_signaltap_body|sld_ela_control:ela_control|sld_ela_trigger:\multi_level_advanced_trigger_gen:advanced_trigger_wrapper|sld_ela_trigger_p2o:auto_generated|sld_reserved_cam_dsp_vga_camera_1_e632:mgl_prim1|sld_mbpmg:mbpm_3|sld_sbpmg:\gen_sbpmg_pipeline_less_than_two:sm0:0:sm1   ; sld_sbpmg                              ; work         ;
;                         |sld_mbpmg:mbpm_42|                                                                                             ; 0 (0)               ; 1 (0)                     ; 0           ; 0            ; 0       ; 0         ; 0    ; 0            ; |top_project|sld_signaltap:camera|sld_signaltap_impl:sld_signaltap_body|sld_signaltap_implb:sld_signaltap_body|sld_ela_control:ela_control|sld_ela_trigger:\multi_level_advanced_trigger_gen:advanced_trigger_wrapper|sld_ela_trigger_p2o:auto_generated|sld_reserved_cam_dsp_vga_camera_1_e632:mgl_prim1|sld_mbpmg:mbpm_42                                                        ; sld_mbpmg                              ; work         ;
;                            |sld_sbpmg:\gen_sbpmg_pipeline_less_than_two:sm0:0:sm1|                                                      ; 0 (0)               ; 1 (1)                     ; 0           ; 0            ; 0       ; 0         ; 0    ; 0            ; |top_project|sld_signaltap:camera|sld_signaltap_impl:sld_signaltap_body|sld_signaltap_implb:sld_signaltap_body|sld_ela_control:ela_control|sld_ela_trigger:\multi_level_advanced_trigger_gen:advanced_trigger_wrapper|sld_ela_trigger_p2o:auto_generated|sld_reserved_cam_dsp_vga_camera_1_e632:mgl_prim1|sld_mbpmg:mbpm_42|sld_sbpmg:\gen_sbpmg_pipeline_less_than_two:sm0:0:sm1  ; sld_sbpmg                              ; work         ;
;                         |sld_mbpmg:mbpm_45|                                                                                             ; 0 (0)               ; 1 (0)                     ; 0           ; 0            ; 0       ; 0         ; 0    ; 0            ; |top_project|sld_signaltap:camera|sld_signaltap_impl:sld_signaltap_body|sld_signaltap_implb:sld_signaltap_body|sld_ela_control:ela_control|sld_ela_trigger:\multi_level_advanced_trigger_gen:advanced_trigger_wrapper|sld_ela_trigger_p2o:auto_generated|sld_reserved_cam_dsp_vga_camera_1_e632:mgl_prim1|sld_mbpmg:mbpm_45                                                        ; sld_mbpmg                              ; work         ;
;                            |sld_sbpmg:\gen_sbpmg_pipeline_less_than_two:sm0:0:sm1|                                                      ; 0 (0)               ; 1 (1)                     ; 0           ; 0            ; 0       ; 0         ; 0    ; 0            ; |top_project|sld_signaltap:camera|sld_signaltap_impl:sld_signaltap_body|sld_signaltap_implb:sld_signaltap_body|sld_ela_control:ela_control|sld_ela_trigger:\multi_level_advanced_trigger_gen:advanced_trigger_wrapper|sld_ela_trigger_p2o:auto_generated|sld_reserved_cam_dsp_vga_camera_1_e632:mgl_prim1|sld_mbpmg:mbpm_45|sld_sbpmg:\gen_sbpmg_pipeline_less_than_two:sm0:0:sm1  ; sld_sbpmg                              ; work         ;
;                         |sld_mbpmg:mbpm_48|                                                                                             ; 0 (0)               ; 1 (0)                     ; 0           ; 0            ; 0       ; 0         ; 0    ; 0            ; |top_project|sld_signaltap:camera|sld_signaltap_impl:sld_signaltap_body|sld_signaltap_implb:sld_signaltap_body|sld_ela_control:ela_control|sld_ela_trigger:\multi_level_advanced_trigger_gen:advanced_trigger_wrapper|sld_ela_trigger_p2o:auto_generated|sld_reserved_cam_dsp_vga_camera_1_e632:mgl_prim1|sld_mbpmg:mbpm_48                                                        ; sld_mbpmg                              ; work         ;
;                            |sld_sbpmg:\gen_sbpmg_pipeline_less_than_two:sm0:0:sm1|                                                      ; 0 (0)               ; 1 (1)                     ; 0           ; 0            ; 0       ; 0         ; 0    ; 0            ; |top_project|sld_signaltap:camera|sld_signaltap_impl:sld_signaltap_body|sld_signaltap_implb:sld_signaltap_body|sld_ela_control:ela_control|sld_ela_trigger:\multi_level_advanced_trigger_gen:advanced_trigger_wrapper|sld_ela_trigger_p2o:auto_generated|sld_reserved_cam_dsp_vga_camera_1_e632:mgl_prim1|sld_mbpmg:mbpm_48|sld_sbpmg:\gen_sbpmg_pipeline_less_than_two:sm0:0:sm1  ; sld_sbpmg                              ; work         ;
;                         |sld_mbpmg:mbpm_51|                                                                                             ; 0 (0)               ; 1 (0)                     ; 0           ; 0            ; 0       ; 0         ; 0    ; 0            ; |top_project|sld_signaltap:camera|sld_signaltap_impl:sld_signaltap_body|sld_signaltap_implb:sld_signaltap_body|sld_ela_control:ela_control|sld_ela_trigger:\multi_level_advanced_trigger_gen:advanced_trigger_wrapper|sld_ela_trigger_p2o:auto_generated|sld_reserved_cam_dsp_vga_camera_1_e632:mgl_prim1|sld_mbpmg:mbpm_51                                                        ; sld_mbpmg                              ; work         ;
;                            |sld_sbpmg:\gen_sbpmg_pipeline_less_than_two:sm0:0:sm1|                                                      ; 0 (0)               ; 1 (1)                     ; 0           ; 0            ; 0       ; 0         ; 0    ; 0            ; |top_project|sld_signaltap:camera|sld_signaltap_impl:sld_signaltap_body|sld_signaltap_implb:sld_signaltap_body|sld_ela_control:ela_control|sld_ela_trigger:\multi_level_advanced_trigger_gen:advanced_trigger_wrapper|sld_ela_trigger_p2o:auto_generated|sld_reserved_cam_dsp_vga_camera_1_e632:mgl_prim1|sld_mbpmg:mbpm_51|sld_sbpmg:\gen_sbpmg_pipeline_less_than_two:sm0:0:sm1  ; sld_sbpmg                              ; work         ;
;                         |sld_mbpmg:mbpm_54|                                                                                             ; 0 (0)               ; 1 (0)                     ; 0           ; 0            ; 0       ; 0         ; 0    ; 0            ; |top_project|sld_signaltap:camera|sld_signaltap_impl:sld_signaltap_body|sld_signaltap_implb:sld_signaltap_body|sld_ela_control:ela_control|sld_ela_trigger:\multi_level_advanced_trigger_gen:advanced_trigger_wrapper|sld_ela_trigger_p2o:auto_generated|sld_reserved_cam_dsp_vga_camera_1_e632:mgl_prim1|sld_mbpmg:mbpm_54                                                        ; sld_mbpmg                              ; work         ;
;                            |sld_sbpmg:\gen_sbpmg_pipeline_less_than_two:sm0:0:sm1|                                                      ; 0 (0)               ; 1 (1)                     ; 0           ; 0            ; 0       ; 0         ; 0    ; 0            ; |top_project|sld_signaltap:camera|sld_signaltap_impl:sld_signaltap_body|sld_signaltap_implb:sld_signaltap_body|sld_ela_control:ela_control|sld_ela_trigger:\multi_level_advanced_trigger_gen:advanced_trigger_wrapper|sld_ela_trigger_p2o:auto_generated|sld_reserved_cam_dsp_vga_camera_1_e632:mgl_prim1|sld_mbpmg:mbpm_54|sld_sbpmg:\gen_sbpmg_pipeline_less_than_two:sm0:0:sm1  ; sld_sbpmg                              ; work         ;
;                         |sld_mbpmg:mbpm_57|                                                                                             ; 0 (0)               ; 1 (0)                     ; 0           ; 0            ; 0       ; 0         ; 0    ; 0            ; |top_project|sld_signaltap:camera|sld_signaltap_impl:sld_signaltap_body|sld_signaltap_implb:sld_signaltap_body|sld_ela_control:ela_control|sld_ela_trigger:\multi_level_advanced_trigger_gen:advanced_trigger_wrapper|sld_ela_trigger_p2o:auto_generated|sld_reserved_cam_dsp_vga_camera_1_e632:mgl_prim1|sld_mbpmg:mbpm_57                                                        ; sld_mbpmg                              ; work         ;
;                            |sld_sbpmg:\gen_sbpmg_pipeline_less_than_two:sm0:0:sm1|                                                      ; 0 (0)               ; 1 (1)                     ; 0           ; 0            ; 0       ; 0         ; 0    ; 0            ; |top_project|sld_signaltap:camera|sld_signaltap_impl:sld_signaltap_body|sld_signaltap_implb:sld_signaltap_body|sld_ela_control:ela_control|sld_ela_trigger:\multi_level_advanced_trigger_gen:advanced_trigger_wrapper|sld_ela_trigger_p2o:auto_generated|sld_reserved_cam_dsp_vga_camera_1_e632:mgl_prim1|sld_mbpmg:mbpm_57|sld_sbpmg:\gen_sbpmg_pipeline_less_than_two:sm0:0:sm1  ; sld_sbpmg                              ; work         ;
;                         |sld_mbpmg:mbpm_62|                                                                                             ; 0 (0)               ; 1 (0)                     ; 0           ; 0            ; 0       ; 0         ; 0    ; 0            ; |top_project|sld_signaltap:camera|sld_signaltap_impl:sld_signaltap_body|sld_signaltap_implb:sld_signaltap_body|sld_ela_control:ela_control|sld_ela_trigger:\multi_level_advanced_trigger_gen:advanced_trigger_wrapper|sld_ela_trigger_p2o:auto_generated|sld_reserved_cam_dsp_vga_camera_1_e632:mgl_prim1|sld_mbpmg:mbpm_62                                                        ; sld_mbpmg                              ; work         ;
;                            |sld_sbpmg:\gen_sbpmg_pipeline_less_than_two:sm0:0:sm1|                                                      ; 0 (0)               ; 1 (1)                     ; 0           ; 0            ; 0       ; 0         ; 0    ; 0            ; |top_project|sld_signaltap:camera|sld_signaltap_impl:sld_signaltap_body|sld_signaltap_implb:sld_signaltap_body|sld_ela_control:ela_control|sld_ela_trigger:\multi_level_advanced_trigger_gen:advanced_trigger_wrapper|sld_ela_trigger_p2o:auto_generated|sld_reserved_cam_dsp_vga_camera_1_e632:mgl_prim1|sld_mbpmg:mbpm_62|sld_sbpmg:\gen_sbpmg_pipeline_less_than_two:sm0:0:sm1  ; sld_sbpmg                              ; work         ;
;                         |sld_mbpmg:mbpm_65|                                                                                             ; 0 (0)               ; 1 (0)                     ; 0           ; 0            ; 0       ; 0         ; 0    ; 0            ; |top_project|sld_signaltap:camera|sld_signaltap_impl:sld_signaltap_body|sld_signaltap_implb:sld_signaltap_body|sld_ela_control:ela_control|sld_ela_trigger:\multi_level_advanced_trigger_gen:advanced_trigger_wrapper|sld_ela_trigger_p2o:auto_generated|sld_reserved_cam_dsp_vga_camera_1_e632:mgl_prim1|sld_mbpmg:mbpm_65                                                        ; sld_mbpmg                              ; work         ;
;                            |sld_sbpmg:\gen_sbpmg_pipeline_less_than_two:sm0:0:sm1|                                                      ; 0 (0)               ; 1 (1)                     ; 0           ; 0            ; 0       ; 0         ; 0    ; 0            ; |top_project|sld_signaltap:camera|sld_signaltap_impl:sld_signaltap_body|sld_signaltap_implb:sld_signaltap_body|sld_ela_control:ela_control|sld_ela_trigger:\multi_level_advanced_trigger_gen:advanced_trigger_wrapper|sld_ela_trigger_p2o:auto_generated|sld_reserved_cam_dsp_vga_camera_1_e632:mgl_prim1|sld_mbpmg:mbpm_65|sld_sbpmg:\gen_sbpmg_pipeline_less_than_two:sm0:0:sm1  ; sld_sbpmg                              ; work         ;
;                         |sld_mbpmg:mbpm_68|                                                                                             ; 0 (0)               ; 1 (0)                     ; 0           ; 0            ; 0       ; 0         ; 0    ; 0            ; |top_project|sld_signaltap:camera|sld_signaltap_impl:sld_signaltap_body|sld_signaltap_implb:sld_signaltap_body|sld_ela_control:ela_control|sld_ela_trigger:\multi_level_advanced_trigger_gen:advanced_trigger_wrapper|sld_ela_trigger_p2o:auto_generated|sld_reserved_cam_dsp_vga_camera_1_e632:mgl_prim1|sld_mbpmg:mbpm_68                                                        ; sld_mbpmg                              ; work         ;
;                            |sld_sbpmg:\gen_sbpmg_pipeline_less_than_two:sm0:0:sm1|                                                      ; 0 (0)               ; 1 (1)                     ; 0           ; 0            ; 0       ; 0         ; 0    ; 0            ; |top_project|sld_signaltap:camera|sld_signaltap_impl:sld_signaltap_body|sld_signaltap_implb:sld_signaltap_body|sld_ela_control:ela_control|sld_ela_trigger:\multi_level_advanced_trigger_gen:advanced_trigger_wrapper|sld_ela_trigger_p2o:auto_generated|sld_reserved_cam_dsp_vga_camera_1_e632:mgl_prim1|sld_mbpmg:mbpm_68|sld_sbpmg:\gen_sbpmg_pipeline_less_than_two:sm0:0:sm1  ; sld_sbpmg                              ; work         ;
;                         |sld_mbpmg:mbpm_6|                                                                                              ; 0 (0)               ; 1 (0)                     ; 0           ; 0            ; 0       ; 0         ; 0    ; 0            ; |top_project|sld_signaltap:camera|sld_signaltap_impl:sld_signaltap_body|sld_signaltap_implb:sld_signaltap_body|sld_ela_control:ela_control|sld_ela_trigger:\multi_level_advanced_trigger_gen:advanced_trigger_wrapper|sld_ela_trigger_p2o:auto_generated|sld_reserved_cam_dsp_vga_camera_1_e632:mgl_prim1|sld_mbpmg:mbpm_6                                                         ; sld_mbpmg                              ; work         ;
;                            |sld_sbpmg:\gen_sbpmg_pipeline_less_than_two:sm0:0:sm1|                                                      ; 0 (0)               ; 1 (1)                     ; 0           ; 0            ; 0       ; 0         ; 0    ; 0            ; |top_project|sld_signaltap:camera|sld_signaltap_impl:sld_signaltap_body|sld_signaltap_implb:sld_signaltap_body|sld_ela_control:ela_control|sld_ela_trigger:\multi_level_advanced_trigger_gen:advanced_trigger_wrapper|sld_ela_trigger_p2o:auto_generated|sld_reserved_cam_dsp_vga_camera_1_e632:mgl_prim1|sld_mbpmg:mbpm_6|sld_sbpmg:\gen_sbpmg_pipeline_less_than_two:sm0:0:sm1   ; sld_sbpmg                              ; work         ;
;                         |sld_mbpmg:mbpm_71|                                                                                             ; 0 (0)               ; 1 (0)                     ; 0           ; 0            ; 0       ; 0         ; 0    ; 0            ; |top_project|sld_signaltap:camera|sld_signaltap_impl:sld_signaltap_body|sld_signaltap_implb:sld_signaltap_body|sld_ela_control:ela_control|sld_ela_trigger:\multi_level_advanced_trigger_gen:advanced_trigger_wrapper|sld_ela_trigger_p2o:auto_generated|sld_reserved_cam_dsp_vga_camera_1_e632:mgl_prim1|sld_mbpmg:mbpm_71                                                        ; sld_mbpmg                              ; work         ;
;                            |sld_sbpmg:\gen_sbpmg_pipeline_less_than_two:sm0:0:sm1|                                                      ; 0 (0)               ; 1 (1)                     ; 0           ; 0            ; 0       ; 0         ; 0    ; 0            ; |top_project|sld_signaltap:camera|sld_signaltap_impl:sld_signaltap_body|sld_signaltap_implb:sld_signaltap_body|sld_ela_control:ela_control|sld_ela_trigger:\multi_level_advanced_trigger_gen:advanced_trigger_wrapper|sld_ela_trigger_p2o:auto_generated|sld_reserved_cam_dsp_vga_camera_1_e632:mgl_prim1|sld_mbpmg:mbpm_71|sld_sbpmg:\gen_sbpmg_pipeline_less_than_two:sm0:0:sm1  ; sld_sbpmg                              ; work         ;
;                         |sld_mbpmg:mbpm_74|                                                                                             ; 0 (0)               ; 1 (0)                     ; 0           ; 0            ; 0       ; 0         ; 0    ; 0            ; |top_project|sld_signaltap:camera|sld_signaltap_impl:sld_signaltap_body|sld_signaltap_implb:sld_signaltap_body|sld_ela_control:ela_control|sld_ela_trigger:\multi_level_advanced_trigger_gen:advanced_trigger_wrapper|sld_ela_trigger_p2o:auto_generated|sld_reserved_cam_dsp_vga_camera_1_e632:mgl_prim1|sld_mbpmg:mbpm_74                                                        ; sld_mbpmg                              ; work         ;
;                            |sld_sbpmg:\gen_sbpmg_pipeline_less_than_two:sm0:0:sm1|                                                      ; 0 (0)               ; 1 (1)                     ; 0           ; 0            ; 0       ; 0         ; 0    ; 0            ; |top_project|sld_signaltap:camera|sld_signaltap_impl:sld_signaltap_body|sld_signaltap_implb:sld_signaltap_body|sld_ela_control:ela_control|sld_ela_trigger:\multi_level_advanced_trigger_gen:advanced_trigger_wrapper|sld_ela_trigger_p2o:auto_generated|sld_reserved_cam_dsp_vga_camera_1_e632:mgl_prim1|sld_mbpmg:mbpm_74|sld_sbpmg:\gen_sbpmg_pipeline_less_than_two:sm0:0:sm1  ; sld_sbpmg                              ; work         ;
;                         |sld_mbpmg:mbpm_77|                                                                                             ; 0 (0)               ; 1 (0)                     ; 0           ; 0            ; 0       ; 0         ; 0    ; 0            ; |top_project|sld_signaltap:camera|sld_signaltap_impl:sld_signaltap_body|sld_signaltap_implb:sld_signaltap_body|sld_ela_control:ela_control|sld_ela_trigger:\multi_level_advanced_trigger_gen:advanced_trigger_wrapper|sld_ela_trigger_p2o:auto_generated|sld_reserved_cam_dsp_vga_camera_1_e632:mgl_prim1|sld_mbpmg:mbpm_77                                                        ; sld_mbpmg                              ; work         ;
;                            |sld_sbpmg:\gen_sbpmg_pipeline_less_than_two:sm0:0:sm1|                                                      ; 0 (0)               ; 1 (1)                     ; 0           ; 0            ; 0       ; 0         ; 0    ; 0            ; |top_project|sld_signaltap:camera|sld_signaltap_impl:sld_signaltap_body|sld_signaltap_implb:sld_signaltap_body|sld_ela_control:ela_control|sld_ela_trigger:\multi_level_advanced_trigger_gen:advanced_trigger_wrapper|sld_ela_trigger_p2o:auto_generated|sld_reserved_cam_dsp_vga_camera_1_e632:mgl_prim1|sld_mbpmg:mbpm_77|sld_sbpmg:\gen_sbpmg_pipeline_less_than_two:sm0:0:sm1  ; sld_sbpmg                              ; work         ;
;                         |sld_mbpmg:mbpm_80|                                                                                             ; 0 (0)               ; 1 (0)                     ; 0           ; 0            ; 0       ; 0         ; 0    ; 0            ; |top_project|sld_signaltap:camera|sld_signaltap_impl:sld_signaltap_body|sld_signaltap_implb:sld_signaltap_body|sld_ela_control:ela_control|sld_ela_trigger:\multi_level_advanced_trigger_gen:advanced_trigger_wrapper|sld_ela_trigger_p2o:auto_generated|sld_reserved_cam_dsp_vga_camera_1_e632:mgl_prim1|sld_mbpmg:mbpm_80                                                        ; sld_mbpmg                              ; work         ;
;                            |sld_sbpmg:\gen_sbpmg_pipeline_less_than_two:sm0:0:sm1|                                                      ; 0 (0)               ; 1 (1)                     ; 0           ; 0            ; 0       ; 0         ; 0    ; 0            ; |top_project|sld_signaltap:camera|sld_signaltap_impl:sld_signaltap_body|sld_signaltap_implb:sld_signaltap_body|sld_ela_control:ela_control|sld_ela_trigger:\multi_level_advanced_trigger_gen:advanced_trigger_wrapper|sld_ela_trigger_p2o:auto_generated|sld_reserved_cam_dsp_vga_camera_1_e632:mgl_prim1|sld_mbpmg:mbpm_80|sld_sbpmg:\gen_sbpmg_pipeline_less_than_two:sm0:0:sm1  ; sld_sbpmg                              ; work         ;
;                         |sld_mbpmg:mbpm_83|                                                                                             ; 0 (0)               ; 1 (0)                     ; 0           ; 0            ; 0       ; 0         ; 0    ; 0            ; |top_project|sld_signaltap:camera|sld_signaltap_impl:sld_signaltap_body|sld_signaltap_implb:sld_signaltap_body|sld_ela_control:ela_control|sld_ela_trigger:\multi_level_advanced_trigger_gen:advanced_trigger_wrapper|sld_ela_trigger_p2o:auto_generated|sld_reserved_cam_dsp_vga_camera_1_e632:mgl_prim1|sld_mbpmg:mbpm_83                                                        ; sld_mbpmg                              ; work         ;
;                            |sld_sbpmg:\gen_sbpmg_pipeline_less_than_two:sm0:0:sm1|                                                      ; 0 (0)               ; 1 (1)                     ; 0           ; 0            ; 0       ; 0         ; 0    ; 0            ; |top_project|sld_signaltap:camera|sld_signaltap_impl:sld_signaltap_body|sld_signaltap_implb:sld_signaltap_body|sld_ela_control:ela_control|sld_ela_trigger:\multi_level_advanced_trigger_gen:advanced_trigger_wrapper|sld_ela_trigger_p2o:auto_generated|sld_reserved_cam_dsp_vga_camera_1_e632:mgl_prim1|sld_mbpmg:mbpm_83|sld_sbpmg:\gen_sbpmg_pipeline_less_than_two:sm0:0:sm1  ; sld_sbpmg                              ; work         ;
;                         |sld_mbpmg:mbpm_86|                                                                                             ; 0 (0)               ; 1 (0)                     ; 0           ; 0            ; 0       ; 0         ; 0    ; 0            ; |top_project|sld_signaltap:camera|sld_signaltap_impl:sld_signaltap_body|sld_signaltap_implb:sld_signaltap_body|sld_ela_control:ela_control|sld_ela_trigger:\multi_level_advanced_trigger_gen:advanced_trigger_wrapper|sld_ela_trigger_p2o:auto_generated|sld_reserved_cam_dsp_vga_camera_1_e632:mgl_prim1|sld_mbpmg:mbpm_86                                                        ; sld_mbpmg                              ; work         ;
;                            |sld_sbpmg:\gen_sbpmg_pipeline_less_than_two:sm0:0:sm1|                                                      ; 0 (0)               ; 1 (1)                     ; 0           ; 0            ; 0       ; 0         ; 0    ; 0            ; |top_project|sld_signaltap:camera|sld_signaltap_impl:sld_signaltap_body|sld_signaltap_implb:sld_signaltap_body|sld_ela_control:ela_control|sld_ela_trigger:\multi_level_advanced_trigger_gen:advanced_trigger_wrapper|sld_ela_trigger_p2o:auto_generated|sld_reserved_cam_dsp_vga_camera_1_e632:mgl_prim1|sld_mbpmg:mbpm_86|sld_sbpmg:\gen_sbpmg_pipeline_less_than_two:sm0:0:sm1  ; sld_sbpmg                              ; work         ;
;                         |sld_mbpmg:mbpm_89|                                                                                             ; 0 (0)               ; 1 (0)                     ; 0           ; 0            ; 0       ; 0         ; 0    ; 0            ; |top_project|sld_signaltap:camera|sld_signaltap_impl:sld_signaltap_body|sld_signaltap_implb:sld_signaltap_body|sld_ela_control:ela_control|sld_ela_trigger:\multi_level_advanced_trigger_gen:advanced_trigger_wrapper|sld_ela_trigger_p2o:auto_generated|sld_reserved_cam_dsp_vga_camera_1_e632:mgl_prim1|sld_mbpmg:mbpm_89                                                        ; sld_mbpmg                              ; work         ;
;                            |sld_sbpmg:\gen_sbpmg_pipeline_less_than_two:sm0:0:sm1|                                                      ; 0 (0)               ; 1 (1)                     ; 0           ; 0            ; 0       ; 0         ; 0    ; 0            ; |top_project|sld_signaltap:camera|sld_signaltap_impl:sld_signaltap_body|sld_signaltap_implb:sld_signaltap_body|sld_ela_control:ela_control|sld_ela_trigger:\multi_level_advanced_trigger_gen:advanced_trigger_wrapper|sld_ela_trigger_p2o:auto_generated|sld_reserved_cam_dsp_vga_camera_1_e632:mgl_prim1|sld_mbpmg:mbpm_89|sld_sbpmg:\gen_sbpmg_pipeline_less_than_two:sm0:0:sm1  ; sld_sbpmg                              ; work         ;
;                         |sld_mbpmg:mbpm_92|                                                                                             ; 0 (0)               ; 1 (0)                     ; 0           ; 0            ; 0       ; 0         ; 0    ; 0            ; |top_project|sld_signaltap:camera|sld_signaltap_impl:sld_signaltap_body|sld_signaltap_implb:sld_signaltap_body|sld_ela_control:ela_control|sld_ela_trigger:\multi_level_advanced_trigger_gen:advanced_trigger_wrapper|sld_ela_trigger_p2o:auto_generated|sld_reserved_cam_dsp_vga_camera_1_e632:mgl_prim1|sld_mbpmg:mbpm_92                                                        ; sld_mbpmg                              ; work         ;
;                            |sld_sbpmg:\gen_sbpmg_pipeline_less_than_two:sm0:0:sm1|                                                      ; 0 (0)               ; 1 (1)                     ; 0           ; 0            ; 0       ; 0         ; 0    ; 0            ; |top_project|sld_signaltap:camera|sld_signaltap_impl:sld_signaltap_body|sld_signaltap_implb:sld_signaltap_body|sld_ela_control:ela_control|sld_ela_trigger:\multi_level_advanced_trigger_gen:advanced_trigger_wrapper|sld_ela_trigger_p2o:auto_generated|sld_reserved_cam_dsp_vga_camera_1_e632:mgl_prim1|sld_mbpmg:mbpm_92|sld_sbpmg:\gen_sbpmg_pipeline_less_than_two:sm0:0:sm1  ; sld_sbpmg                              ; work         ;
;                         |sld_mbpmg:mbpm_95|                                                                                             ; 0 (0)               ; 1 (0)                     ; 0           ; 0            ; 0       ; 0         ; 0    ; 0            ; |top_project|sld_signaltap:camera|sld_signaltap_impl:sld_signaltap_body|sld_signaltap_implb:sld_signaltap_body|sld_ela_control:ela_control|sld_ela_trigger:\multi_level_advanced_trigger_gen:advanced_trigger_wrapper|sld_ela_trigger_p2o:auto_generated|sld_reserved_cam_dsp_vga_camera_1_e632:mgl_prim1|sld_mbpmg:mbpm_95                                                        ; sld_mbpmg                              ; work         ;
;                            |sld_sbpmg:\gen_sbpmg_pipeline_less_than_two:sm0:0:sm1|                                                      ; 0 (0)               ; 1 (1)                     ; 0           ; 0            ; 0       ; 0         ; 0    ; 0            ; |top_project|sld_signaltap:camera|sld_signaltap_impl:sld_signaltap_body|sld_signaltap_implb:sld_signaltap_body|sld_ela_control:ela_control|sld_ela_trigger:\multi_level_advanced_trigger_gen:advanced_trigger_wrapper|sld_ela_trigger_p2o:auto_generated|sld_reserved_cam_dsp_vga_camera_1_e632:mgl_prim1|sld_mbpmg:mbpm_95|sld_sbpmg:\gen_sbpmg_pipeline_less_than_two:sm0:0:sm1  ; sld_sbpmg                              ; work         ;
;                         |sld_mbpmg:mbpm_99|                                                                                             ; 0 (0)               ; 1 (0)                     ; 0           ; 0            ; 0       ; 0         ; 0    ; 0            ; |top_project|sld_signaltap:camera|sld_signaltap_impl:sld_signaltap_body|sld_signaltap_implb:sld_signaltap_body|sld_ela_control:ela_control|sld_ela_trigger:\multi_level_advanced_trigger_gen:advanced_trigger_wrapper|sld_ela_trigger_p2o:auto_generated|sld_reserved_cam_dsp_vga_camera_1_e632:mgl_prim1|sld_mbpmg:mbpm_99                                                        ; sld_mbpmg                              ; work         ;
;                            |sld_sbpmg:\gen_sbpmg_pipeline_less_than_two:sm0:0:sm1|                                                      ; 0 (0)               ; 1 (1)                     ; 0           ; 0            ; 0       ; 0         ; 0    ; 0            ; |top_project|sld_signaltap:camera|sld_signaltap_impl:sld_signaltap_body|sld_signaltap_implb:sld_signaltap_body|sld_ela_control:ela_control|sld_ela_trigger:\multi_level_advanced_trigger_gen:advanced_trigger_wrapper|sld_ela_trigger_p2o:auto_generated|sld_reserved_cam_dsp_vga_camera_1_e632:mgl_prim1|sld_mbpmg:mbpm_99|sld_sbpmg:\gen_sbpmg_pipeline_less_than_two:sm0:0:sm1  ; sld_sbpmg                              ; work         ;
;                         |sld_mbpmg:mbpm_9|                                                                                              ; 0 (0)               ; 1 (0)                     ; 0           ; 0            ; 0       ; 0         ; 0    ; 0            ; |top_project|sld_signaltap:camera|sld_signaltap_impl:sld_signaltap_body|sld_signaltap_implb:sld_signaltap_body|sld_ela_control:ela_control|sld_ela_trigger:\multi_level_advanced_trigger_gen:advanced_trigger_wrapper|sld_ela_trigger_p2o:auto_generated|sld_reserved_cam_dsp_vga_camera_1_e632:mgl_prim1|sld_mbpmg:mbpm_9                                                         ; sld_mbpmg                              ; work         ;
;                            |sld_sbpmg:\gen_sbpmg_pipeline_less_than_two:sm0:0:sm1|                                                      ; 0 (0)               ; 1 (1)                     ; 0           ; 0            ; 0       ; 0         ; 0    ; 0            ; |top_project|sld_signaltap:camera|sld_signaltap_impl:sld_signaltap_body|sld_signaltap_implb:sld_signaltap_body|sld_ela_control:ela_control|sld_ela_trigger:\multi_level_advanced_trigger_gen:advanced_trigger_wrapper|sld_ela_trigger_p2o:auto_generated|sld_reserved_cam_dsp_vga_camera_1_e632:mgl_prim1|sld_mbpmg:mbpm_9|sld_sbpmg:\gen_sbpmg_pipeline_less_than_two:sm0:0:sm1   ; sld_sbpmg                              ; work         ;
;                |sld_ela_trigger_flow_mgr:\builtin:ela_trigger_flow_mgr_entity|                                                          ; 1 (1)               ; 11 (1)                    ; 0           ; 0            ; 0       ; 0         ; 0    ; 0            ; |top_project|sld_signaltap:camera|sld_signaltap_impl:sld_signaltap_body|sld_signaltap_implb:sld_signaltap_body|sld_ela_control:ela_control|sld_ela_trigger_flow_mgr:\builtin:ela_trigger_flow_mgr_entity                                                                                                                                                                           ; sld_ela_trigger_flow_mgr               ; work         ;
;                   |lpm_shiftreg:trigger_config_deserialize|                                                                             ; 0 (0)               ; 10 (10)                   ; 0           ; 0            ; 0       ; 0         ; 0    ; 0            ; |top_project|sld_signaltap:camera|sld_signaltap_impl:sld_signaltap_body|sld_signaltap_implb:sld_signaltap_body|sld_ela_control:ela_control|sld_ela_trigger_flow_mgr:\builtin:ela_trigger_flow_mgr_entity|lpm_shiftreg:trigger_config_deserialize                                                                                                                                   ; lpm_shiftreg                           ; work         ;
;             |sld_offload_buffer_mgr:\stp_non_zero_depth_offload_gen:stp_offload_buff_mgr_inst|                                          ; 147 (11)            ; 130 (0)                   ; 0           ; 0            ; 0       ; 0         ; 0    ; 0            ; |top_project|sld_signaltap:camera|sld_signaltap_impl:sld_signaltap_body|sld_signaltap_implb:sld_signaltap_body|sld_offload_buffer_mgr:\stp_non_zero_depth_offload_gen:stp_offload_buff_mgr_inst                                                                                                                                                                                    ; sld_offload_buffer_mgr                 ; work         ;
;                |lpm_counter:\adv_point_3_and_more:advance_pointer_counter|                                                              ; 8 (0)               ; 6 (0)                     ; 0           ; 0            ; 0       ; 0         ; 0    ; 0            ; |top_project|sld_signaltap:camera|sld_signaltap_impl:sld_signaltap_body|sld_signaltap_implb:sld_signaltap_body|sld_offload_buffer_mgr:\stp_non_zero_depth_offload_gen:stp_offload_buff_mgr_inst|lpm_counter:\adv_point_3_and_more:advance_pointer_counter                                                                                                                          ; lpm_counter                            ; work         ;
;                   |cntr_mgi:auto_generated|                                                                                             ; 8 (8)               ; 6 (6)                     ; 0           ; 0            ; 0       ; 0         ; 0    ; 0            ; |top_project|sld_signaltap:camera|sld_signaltap_impl:sld_signaltap_body|sld_signaltap_implb:sld_signaltap_body|sld_offload_buffer_mgr:\stp_non_zero_depth_offload_gen:stp_offload_buff_mgr_inst|lpm_counter:\adv_point_3_and_more:advance_pointer_counter|cntr_mgi:auto_generated                                                                                                  ; cntr_mgi                               ; work         ;
;                |lpm_counter:read_pointer_counter|                                                                                       ; 16 (0)              ; 16 (0)                    ; 0           ; 0            ; 0       ; 0         ; 0    ; 0            ; |top_project|sld_signaltap:camera|sld_signaltap_impl:sld_signaltap_body|sld_signaltap_implb:sld_signaltap_body|sld_offload_buffer_mgr:\stp_non_zero_depth_offload_gen:stp_offload_buff_mgr_inst|lpm_counter:read_pointer_counter                                                                                                                                                   ; lpm_counter                            ; work         ;
;                   |cntr_gbj:auto_generated|                                                                                             ; 16 (16)             ; 16 (16)                   ; 0           ; 0            ; 0       ; 0         ; 0    ; 0            ; |top_project|sld_signaltap:camera|sld_signaltap_impl:sld_signaltap_body|sld_signaltap_implb:sld_signaltap_body|sld_offload_buffer_mgr:\stp_non_zero_depth_offload_gen:stp_offload_buff_mgr_inst|lpm_counter:read_pointer_counter|cntr_gbj:auto_generated                                                                                                                           ; cntr_gbj                               ; work         ;
;                |lpm_counter:status_advance_pointer_counter|                                                                             ; 8 (0)               ; 6 (0)                     ; 0           ; 0            ; 0       ; 0         ; 0    ; 0            ; |top_project|sld_signaltap:camera|sld_signaltap_impl:sld_signaltap_body|sld_signaltap_implb:sld_signaltap_body|sld_offload_buffer_mgr:\stp_non_zero_depth_offload_gen:stp_offload_buff_mgr_inst|lpm_counter:status_advance_pointer_counter                                                                                                                                         ; lpm_counter                            ; work         ;
;                   |cntr_lgi:auto_generated|                                                                                             ; 8 (8)               ; 6 (6)                     ; 0           ; 0            ; 0       ; 0         ; 0    ; 0            ; |top_project|sld_signaltap:camera|sld_signaltap_impl:sld_signaltap_body|sld_signaltap_implb:sld_signaltap_body|sld_offload_buffer_mgr:\stp_non_zero_depth_offload_gen:stp_offload_buff_mgr_inst|lpm_counter:status_advance_pointer_counter|cntr_lgi:auto_generated                                                                                                                 ; cntr_lgi                               ; work         ;
;                |lpm_counter:status_read_pointer_counter|                                                                                ; 3 (0)               ; 1 (0)                     ; 0           ; 0            ; 0       ; 0         ; 0    ; 0            ; |top_project|sld_signaltap:camera|sld_signaltap_impl:sld_signaltap_body|sld_signaltap_implb:sld_signaltap_body|sld_offload_buffer_mgr:\stp_non_zero_depth_offload_gen:stp_offload_buff_mgr_inst|lpm_counter:status_read_pointer_counter                                                                                                                                            ; lpm_counter                            ; work         ;
;                   |cntr_23j:auto_generated|                                                                                             ; 3 (3)               ; 1 (1)                     ; 0           ; 0            ; 0       ; 0         ; 0    ; 0            ; |top_project|sld_signaltap:camera|sld_signaltap_impl:sld_signaltap_body|sld_signaltap_implb:sld_signaltap_body|sld_offload_buffer_mgr:\stp_non_zero_depth_offload_gen:stp_offload_buff_mgr_inst|lpm_counter:status_read_pointer_counter|cntr_23j:auto_generated                                                                                                                    ; cntr_23j                               ; work         ;
;                |lpm_shiftreg:info_data_shift_out|                                                                                       ; 33 (33)             ; 33 (33)                   ; 0           ; 0            ; 0       ; 0         ; 0    ; 0            ; |top_project|sld_signaltap:camera|sld_signaltap_impl:sld_signaltap_body|sld_signaltap_implb:sld_signaltap_body|sld_offload_buffer_mgr:\stp_non_zero_depth_offload_gen:stp_offload_buff_mgr_inst|lpm_shiftreg:info_data_shift_out                                                                                                                                                   ; lpm_shiftreg                           ; work         ;
;                |lpm_shiftreg:ram_data_shift_out|                                                                                        ; 35 (35)             ; 35 (35)                   ; 0           ; 0            ; 0       ; 0         ; 0    ; 0            ; |top_project|sld_signaltap:camera|sld_signaltap_impl:sld_signaltap_body|sld_signaltap_implb:sld_signaltap_body|sld_offload_buffer_mgr:\stp_non_zero_depth_offload_gen:stp_offload_buff_mgr_inst|lpm_shiftreg:ram_data_shift_out                                                                                                                                                    ; lpm_shiftreg                           ; work         ;
;                |lpm_shiftreg:status_data_shift_out|                                                                                     ; 33 (33)             ; 33 (33)                   ; 0           ; 0            ; 0       ; 0         ; 0    ; 0            ; |top_project|sld_signaltap:camera|sld_signaltap_impl:sld_signaltap_body|sld_signaltap_implb:sld_signaltap_body|sld_offload_buffer_mgr:\stp_non_zero_depth_offload_gen:stp_offload_buff_mgr_inst|lpm_shiftreg:status_data_shift_out                                                                                                                                                 ; lpm_shiftreg                           ; work         ;
;             |sld_rom_sr:crc_rom_sr|                                                                                                     ; 30 (30)             ; 8 (8)                     ; 0           ; 0            ; 0       ; 0         ; 0    ; 0            ; |top_project|sld_signaltap:camera|sld_signaltap_impl:sld_signaltap_body|sld_signaltap_implb:sld_signaltap_body|sld_rom_sr:crc_rom_sr                                                                                                                                                                                                                                               ; sld_rom_sr                             ; work         ;
;    |top_vga:vga_inst|                                                                                                                   ; 103 (0)             ; 43 (0)                    ; 0           ; 0            ; 0       ; 0         ; 0    ; 0            ; |top_project|top_vga:vga_inst                                                                                                                                                                                                                                                                                                                                                      ; top_vga                                ; work         ;
;       |vga_output:out_inst|                                                                                                             ; 28 (28)             ; 22 (22)                   ; 0           ; 0            ; 0       ; 0         ; 0    ; 0            ; |top_project|top_vga:vga_inst|vga_output:out_inst                                                                                                                                                                                                                                                                                                                                  ; vga_output                             ; work         ;
;       |vga_sync:sync_inst|                                                                                                              ; 75 (75)             ; 21 (21)                   ; 0           ; 0            ; 0       ; 0         ; 0    ; 0            ; |top_project|top_vga:vga_inst|vga_sync:sync_inst                                                                                                                                                                                                                                                                                                                                   ; vga_sync                               ; work         ;
+-----------------------------------------------------------------------------------------------------------------------------------------+---------------------+---------------------------+-------------+--------------+---------+-----------+------+--------------+------------------------------------------------------------------------------------------------------------------------------------------------------------------------------------------------------------------------------------------------------------------------------------------------------------------------------------------------------------------------------------+----------------------------------------+--------------+
Note: For table entries with two numbers listed, the numbers in parentheses indicate the number of resources of the given type used by the specific entity alone. The numbers listed outside of parentheses indicate the total resources of the given type used by the specific entity and all of its sub-entities in the hierarchy.


+----------------------------------------------------------------------------------------------------------------------------------------------------------------------------------------------------------------------------------------------------------------------------------------------------+
; Analysis & Synthesis RAM Summary                                                                                                                                                                                                                                                                   ;
+---------------------------------------------------------------------------------------------------------------------------------------------------------------------------------------------+------+------------------+--------------+--------------+--------------+--------------+---------+------+
; Name                                                                                                                                                                                        ; Type ; Mode             ; Port A Depth ; Port A Width ; Port B Depth ; Port B Width ; Size    ; MIF  ;
+---------------------------------------------------------------------------------------------------------------------------------------------------------------------------------------------+------+------------------+--------------+--------------+--------------+--------------+---------+------+
; camer:cam_inst|altsyncram:line_mem_rtl_0|altsyncram_k5h1:auto_generated|ALTSYNCRAM                                                                                                          ; AUTO ; Simple Dual Port ; 1282         ; 12           ; 1282         ; 12           ; 15384   ; None ;
; frame_buffer:bank0|altsyncram:ram_rtl_0|altsyncram_39f1:auto_generated|ALTSYNCRAM                                                                                                           ; M9K  ; Simple Dual Port ; 524288       ; 1            ; 524288       ; 1            ; 524288  ; None ;
; frame_buffer:bank1|altsyncram:ram_rtl_0|altsyncram_39f1:auto_generated|ALTSYNCRAM                                                                                                           ; M9K  ; Simple Dual Port ; 524288       ; 1            ; 524288       ; 1            ; 524288  ; None ;
; sld_signaltap:camera|sld_signaltap_impl:sld_signaltap_body|sld_signaltap_implb:sld_signaltap_body|altsyncram:\stp_non_zero_ram_gen:stp_buffer_ram|altsyncram_2f24:auto_generated|ALTSYNCRAM ; AUTO ; Simple Dual Port ; 65536        ; 35           ; 65536        ; 35           ; 2293760 ; None ;
+---------------------------------------------------------------------------------------------------------------------------------------------------------------------------------------------+------+------------------+--------------+--------------+--------------+--------------+---------+------+


+---------------------------------------------------------------------------------------------------------------------------------------------------------------------------------------------------------------------------------------------------------------------------------------------------------------------------------------------------------------------------------------------+
; Analysis & Synthesis IP Cores Summary                                                                                                                                                                                                                                                                                                                                                       ;
+--------+--------------+---------+--------------+--------------+-----------------------------------------------------------------------------------------------------------------------------------------------------------------------------------------------------------------------------------------------------------------------------------------------------------+-----------------+
; Vendor ; IP Core Name ; Version ; Release Date ; License Type ; Entity Instance                                                                                                                                                                                                                                                                                           ; IP Include File ;
+--------+--------------+---------+--------------+--------------+-----------------------------------------------------------------------------------------------------------------------------------------------------------------------------------------------------------------------------------------------------------------------------------------------------------+-----------------+
; Altera ; Signal Tap   ; N/A     ; N/A          ; Licensed     ; |top_project|sld_hub:auto_hub|alt_sld_fab_with_jtag_input:\instrumentation_fabric_with_node_gen:fabric_gen_new_way:with_jtag_input_gen:instrumentation_fabric|alt_sld_fab:instrumentation_fabric                                                                                                          ;                 ;
; Altera ; Signal Tap   ; N/A     ; N/A          ; Licensed     ; |top_project|sld_hub:auto_hub|alt_sld_fab_with_jtag_input:\instrumentation_fabric_with_node_gen:fabric_gen_new_way:with_jtag_input_gen:instrumentation_fabric|alt_sld_fab:instrumentation_fabric|alt_sld_fab_alt_sld_fab:alt_sld_fab                                                                      ;                 ;
; Altera ; Signal Tap   ; N/A     ; N/A          ; Licensed     ; |top_project|sld_hub:auto_hub|alt_sld_fab_with_jtag_input:\instrumentation_fabric_with_node_gen:fabric_gen_new_way:with_jtag_input_gen:instrumentation_fabric|alt_sld_fab:instrumentation_fabric|alt_sld_fab_alt_sld_fab:alt_sld_fab|alt_sld_fab_alt_sld_fab_presplit:presplit                            ;                 ;
; Altera ; Signal Tap   ; N/A     ; N/A          ; Licensed     ; |top_project|sld_hub:auto_hub|alt_sld_fab_with_jtag_input:\instrumentation_fabric_with_node_gen:fabric_gen_new_way:with_jtag_input_gen:instrumentation_fabric|alt_sld_fab:instrumentation_fabric|alt_sld_fab_alt_sld_fab:alt_sld_fab|alt_sld_fab_alt_sld_fab_sldfabric:sldfabric                          ;                 ;
; Altera ; Signal Tap   ; N/A     ; N/A          ; Licensed     ; |top_project|sld_hub:auto_hub|alt_sld_fab_with_jtag_input:\instrumentation_fabric_with_node_gen:fabric_gen_new_way:with_jtag_input_gen:instrumentation_fabric|alt_sld_fab:instrumentation_fabric|alt_sld_fab_alt_sld_fab:alt_sld_fab|alt_sld_fab_alt_sld_fab_splitter:splitter                            ;                 ;
; Altera ; Signal Tap   ; N/A     ; N/A          ; Licensed     ; |top_project|sld_signaltap:camera|sld_signaltap_impl:sld_signaltap_body|sld_signaltap_implb:sld_signaltap_body|sld_ela_control:ela_control|sld_ela_trigger:\multi_level_advanced_trigger_gen:advanced_trigger_wrapper|sld_ela_trigger_p2o:auto_generated|sld_reserved_cam_dsp_vga_camera_1_e632:mgl_prim1 ;                 ;
; Altera ; ALTPLL       ; 18.1    ; N/A          ; N/A          ; |top_project|PLL_CAM:PLL_CAM_inst                                                                                                                                                                                                                                                                         ; PLL_CAM.vhd     ;
+--------+--------------+---------+--------------+--------------+-----------------------------------------------------------------------------------------------------------------------------------------------------------------------------------------------------------------------------------------------------------------------------------------------------------+-----------------+


Encoding Type:  One-Hot
+------------------------------------------------------------------------------------------------------------------------------------------------------------------------------------------------------------------------------------------------------------------------------------------------------------------------------------------------------------------------------------------------------------------------------------------------------------------------------------------------------------------------------------------------------------------------------------------------------------------------------------------------------------------------------------------------------------------------------------------------------------------------------------------------------------------------------------------------------------------------------------------------------------------------------------------------------------------------------------------------------------+
; State Machine - |top_project|camer:cam_inst|next_state                                                                                                                                                                                                                                                                                                                                                                                                                                                                                                                                                                                                                                                                                                                                                                                                                                                                                                                                                     ;
+---------------------------------+-----------------------+-------------------+------------------------+------------------------+------------------------+------------------------+------------------------+------------------------+------------------------+------------------------+---------------------------------+----------------------------+------------------------+------------------------+------------------------+------------------------+------------------------+------------------------+------------------------+-------------------------+-------------------------+-------------------------+-------------------------+------------------------+------------------------+------------------------+------------------------+------------------------+------------------------+------------------------+------------------------+------------------+---------------------+-----------------------+--------------------+------------------------+-------------------+---------------------+
; Name                            ; next_state.st_end_out ; next_state.st_end ; next_state.st_com_col2 ; next_state.st_com_col1 ; next_state.st_reg_col2 ; next_state.st_reg_col1 ; next_state.st_com_lin2 ; next_state.st_com_lin1 ; next_state.st_reg_lin2 ; next_state.st_reg_lin1 ; next_state.st_test_pattern_data ; next_state.st_test_pattern ; next_state.st_blc_off3 ; next_state.st_blc_off2 ; next_state.st_blc_off1 ; next_state.st_com_inf2 ; next_state.st_com_inf1 ; next_state.st_reg_inf2 ; next_state.st_reg_inf1 ; next_state.st_com_pll22 ; next_state.st_com_pll21 ; next_state.st_reg_pll22 ; next_state.st_reg_pll21 ; next_state.st_com_pll2 ; next_state.st_com_pll1 ; next_state.st_reg_pll2 ; next_state.st_reg_pll1 ; next_state.st_com_res2 ; next_state.st_com_res1 ; next_state.st_reg_res2 ; next_state.st_reg_res1 ; next_state.st_id ; next_state.st_start ; next_state.st_loading ; next_state.st_wait ; next_state.st_transfer ; next_state.st_ask ; next_state.st_unres ;
+---------------------------------+-----------------------+-------------------+------------------------+------------------------+------------------------+------------------------+------------------------+------------------------+------------------------+------------------------+---------------------------------+----------------------------+------------------------+------------------------+------------------------+------------------------+------------------------+------------------------+------------------------+-------------------------+-------------------------+-------------------------+-------------------------+------------------------+------------------------+------------------------+------------------------+------------------------+------------------------+------------------------+------------------------+------------------+---------------------+-----------------------+--------------------+------------------------+-------------------+---------------------+
; next_state.st_unres             ; 0                     ; 0                 ; 0                      ; 0                      ; 0                      ; 0                      ; 0                      ; 0                      ; 0                      ; 0                      ; 0                               ; 0                          ; 0                      ; 0                      ; 0                      ; 0                      ; 0                      ; 0                      ; 0                      ; 0                       ; 0                       ; 0                       ; 0                       ; 0                      ; 0                      ; 0                      ; 0                      ; 0                      ; 0                      ; 0                      ; 0                      ; 0                ; 0                   ; 0                     ; 0                  ; 0                      ; 0                 ; 0                   ;
; next_state.st_ask               ; 0                     ; 0                 ; 0                      ; 0                      ; 0                      ; 0                      ; 0                      ; 0                      ; 0                      ; 0                      ; 0                               ; 0                          ; 0                      ; 0                      ; 0                      ; 0                      ; 0                      ; 0                      ; 0                      ; 0                       ; 0                       ; 0                       ; 0                       ; 0                      ; 0                      ; 0                      ; 0                      ; 0                      ; 0                      ; 0                      ; 0                      ; 0                ; 0                   ; 0                     ; 0                  ; 0                      ; 1                 ; 1                   ;
; next_state.st_transfer          ; 0                     ; 0                 ; 0                      ; 0                      ; 0                      ; 0                      ; 0                      ; 0                      ; 0                      ; 0                      ; 0                               ; 0                          ; 0                      ; 0                      ; 0                      ; 0                      ; 0                      ; 0                      ; 0                      ; 0                       ; 0                       ; 0                       ; 0                       ; 0                      ; 0                      ; 0                      ; 0                      ; 0                      ; 0                      ; 0                      ; 0                      ; 0                ; 0                   ; 0                     ; 0                  ; 1                      ; 0                 ; 1                   ;
; next_state.st_wait              ; 0                     ; 0                 ; 0                      ; 0                      ; 0                      ; 0                      ; 0                      ; 0                      ; 0                      ; 0                      ; 0                               ; 0                          ; 0                      ; 0                      ; 0                      ; 0                      ; 0                      ; 0                      ; 0                      ; 0                       ; 0                       ; 0                       ; 0                       ; 0                      ; 0                      ; 0                      ; 0                      ; 0                      ; 0                      ; 0                      ; 0                      ; 0                ; 0                   ; 0                     ; 1                  ; 0                      ; 0                 ; 1                   ;
; next_state.st_loading           ; 0                     ; 0                 ; 0                      ; 0                      ; 0                      ; 0                      ; 0                      ; 0                      ; 0                      ; 0                      ; 0                               ; 0                          ; 0                      ; 0                      ; 0                      ; 0                      ; 0                      ; 0                      ; 0                      ; 0                       ; 0                       ; 0                       ; 0                       ; 0                      ; 0                      ; 0                      ; 0                      ; 0                      ; 0                      ; 0                      ; 0                      ; 0                ; 0                   ; 1                     ; 0                  ; 0                      ; 0                 ; 1                   ;
; next_state.st_start             ; 0                     ; 0                 ; 0                      ; 0                      ; 0                      ; 0                      ; 0                      ; 0                      ; 0                      ; 0                      ; 0                               ; 0                          ; 0                      ; 0                      ; 0                      ; 0                      ; 0                      ; 0                      ; 0                      ; 0                       ; 0                       ; 0                       ; 0                       ; 0                      ; 0                      ; 0                      ; 0                      ; 0                      ; 0                      ; 0                      ; 0                      ; 0                ; 1                   ; 0                     ; 0                  ; 0                      ; 0                 ; 1                   ;
; next_state.st_id                ; 0                     ; 0                 ; 0                      ; 0                      ; 0                      ; 0                      ; 0                      ; 0                      ; 0                      ; 0                      ; 0                               ; 0                          ; 0                      ; 0                      ; 0                      ; 0                      ; 0                      ; 0                      ; 0                      ; 0                       ; 0                       ; 0                       ; 0                       ; 0                      ; 0                      ; 0                      ; 0                      ; 0                      ; 0                      ; 0                      ; 0                      ; 1                ; 0                   ; 0                     ; 0                  ; 0                      ; 0                 ; 1                   ;
; next_state.st_reg_res1          ; 0                     ; 0                 ; 0                      ; 0                      ; 0                      ; 0                      ; 0                      ; 0                      ; 0                      ; 0                      ; 0                               ; 0                          ; 0                      ; 0                      ; 0                      ; 0                      ; 0                      ; 0                      ; 0                      ; 0                       ; 0                       ; 0                       ; 0                       ; 0                      ; 0                      ; 0                      ; 0                      ; 0                      ; 0                      ; 0                      ; 1                      ; 0                ; 0                   ; 0                     ; 0                  ; 0                      ; 0                 ; 1                   ;
; next_state.st_reg_res2          ; 0                     ; 0                 ; 0                      ; 0                      ; 0                      ; 0                      ; 0                      ; 0                      ; 0                      ; 0                      ; 0                               ; 0                          ; 0                      ; 0                      ; 0                      ; 0                      ; 0                      ; 0                      ; 0                      ; 0                       ; 0                       ; 0                       ; 0                       ; 0                      ; 0                      ; 0                      ; 0                      ; 0                      ; 0                      ; 1                      ; 0                      ; 0                ; 0                   ; 0                     ; 0                  ; 0                      ; 0                 ; 1                   ;
; next_state.st_com_res1          ; 0                     ; 0                 ; 0                      ; 0                      ; 0                      ; 0                      ; 0                      ; 0                      ; 0                      ; 0                      ; 0                               ; 0                          ; 0                      ; 0                      ; 0                      ; 0                      ; 0                      ; 0                      ; 0                      ; 0                       ; 0                       ; 0                       ; 0                       ; 0                      ; 0                      ; 0                      ; 0                      ; 0                      ; 1                      ; 0                      ; 0                      ; 0                ; 0                   ; 0                     ; 0                  ; 0                      ; 0                 ; 1                   ;
; next_state.st_com_res2          ; 0                     ; 0                 ; 0                      ; 0                      ; 0                      ; 0                      ; 0                      ; 0                      ; 0                      ; 0                      ; 0                               ; 0                          ; 0                      ; 0                      ; 0                      ; 0                      ; 0                      ; 0                      ; 0                      ; 0                       ; 0                       ; 0                       ; 0                       ; 0                      ; 0                      ; 0                      ; 0                      ; 1                      ; 0                      ; 0                      ; 0                      ; 0                ; 0                   ; 0                     ; 0                  ; 0                      ; 0                 ; 1                   ;
; next_state.st_reg_pll1          ; 0                     ; 0                 ; 0                      ; 0                      ; 0                      ; 0                      ; 0                      ; 0                      ; 0                      ; 0                      ; 0                               ; 0                          ; 0                      ; 0                      ; 0                      ; 0                      ; 0                      ; 0                      ; 0                      ; 0                       ; 0                       ; 0                       ; 0                       ; 0                      ; 0                      ; 0                      ; 1                      ; 0                      ; 0                      ; 0                      ; 0                      ; 0                ; 0                   ; 0                     ; 0                  ; 0                      ; 0                 ; 1                   ;
; next_state.st_reg_pll2          ; 0                     ; 0                 ; 0                      ; 0                      ; 0                      ; 0                      ; 0                      ; 0                      ; 0                      ; 0                      ; 0                               ; 0                          ; 0                      ; 0                      ; 0                      ; 0                      ; 0                      ; 0                      ; 0                      ; 0                       ; 0                       ; 0                       ; 0                       ; 0                      ; 0                      ; 1                      ; 0                      ; 0                      ; 0                      ; 0                      ; 0                      ; 0                ; 0                   ; 0                     ; 0                  ; 0                      ; 0                 ; 1                   ;
; next_state.st_com_pll1          ; 0                     ; 0                 ; 0                      ; 0                      ; 0                      ; 0                      ; 0                      ; 0                      ; 0                      ; 0                      ; 0                               ; 0                          ; 0                      ; 0                      ; 0                      ; 0                      ; 0                      ; 0                      ; 0                      ; 0                       ; 0                       ; 0                       ; 0                       ; 0                      ; 1                      ; 0                      ; 0                      ; 0                      ; 0                      ; 0                      ; 0                      ; 0                ; 0                   ; 0                     ; 0                  ; 0                      ; 0                 ; 1                   ;
; next_state.st_com_pll2          ; 0                     ; 0                 ; 0                      ; 0                      ; 0                      ; 0                      ; 0                      ; 0                      ; 0                      ; 0                      ; 0                               ; 0                          ; 0                      ; 0                      ; 0                      ; 0                      ; 0                      ; 0                      ; 0                      ; 0                       ; 0                       ; 0                       ; 0                       ; 1                      ; 0                      ; 0                      ; 0                      ; 0                      ; 0                      ; 0                      ; 0                      ; 0                ; 0                   ; 0                     ; 0                  ; 0                      ; 0                 ; 1                   ;
; next_state.st_reg_pll21         ; 0                     ; 0                 ; 0                      ; 0                      ; 0                      ; 0                      ; 0                      ; 0                      ; 0                      ; 0                      ; 0                               ; 0                          ; 0                      ; 0                      ; 0                      ; 0                      ; 0                      ; 0                      ; 0                      ; 0                       ; 0                       ; 0                       ; 1                       ; 0                      ; 0                      ; 0                      ; 0                      ; 0                      ; 0                      ; 0                      ; 0                      ; 0                ; 0                   ; 0                     ; 0                  ; 0                      ; 0                 ; 1                   ;
; next_state.st_reg_pll22         ; 0                     ; 0                 ; 0                      ; 0                      ; 0                      ; 0                      ; 0                      ; 0                      ; 0                      ; 0                      ; 0                               ; 0                          ; 0                      ; 0                      ; 0                      ; 0                      ; 0                      ; 0                      ; 0                      ; 0                       ; 0                       ; 1                       ; 0                       ; 0                      ; 0                      ; 0                      ; 0                      ; 0                      ; 0                      ; 0                      ; 0                      ; 0                ; 0                   ; 0                     ; 0                  ; 0                      ; 0                 ; 1                   ;
; next_state.st_com_pll21         ; 0                     ; 0                 ; 0                      ; 0                      ; 0                      ; 0                      ; 0                      ; 0                      ; 0                      ; 0                      ; 0                               ; 0                          ; 0                      ; 0                      ; 0                      ; 0                      ; 0                      ; 0                      ; 0                      ; 0                       ; 1                       ; 0                       ; 0                       ; 0                      ; 0                      ; 0                      ; 0                      ; 0                      ; 0                      ; 0                      ; 0                      ; 0                ; 0                   ; 0                     ; 0                  ; 0                      ; 0                 ; 1                   ;
; next_state.st_com_pll22         ; 0                     ; 0                 ; 0                      ; 0                      ; 0                      ; 0                      ; 0                      ; 0                      ; 0                      ; 0                      ; 0                               ; 0                          ; 0                      ; 0                      ; 0                      ; 0                      ; 0                      ; 0                      ; 0                      ; 1                       ; 0                       ; 0                       ; 0                       ; 0                      ; 0                      ; 0                      ; 0                      ; 0                      ; 0                      ; 0                      ; 0                      ; 0                ; 0                   ; 0                     ; 0                  ; 0                      ; 0                 ; 1                   ;
; next_state.st_reg_inf1          ; 0                     ; 0                 ; 0                      ; 0                      ; 0                      ; 0                      ; 0                      ; 0                      ; 0                      ; 0                      ; 0                               ; 0                          ; 0                      ; 0                      ; 0                      ; 0                      ; 0                      ; 0                      ; 1                      ; 0                       ; 0                       ; 0                       ; 0                       ; 0                      ; 0                      ; 0                      ; 0                      ; 0                      ; 0                      ; 0                      ; 0                      ; 0                ; 0                   ; 0                     ; 0                  ; 0                      ; 0                 ; 1                   ;
; next_state.st_reg_inf2          ; 0                     ; 0                 ; 0                      ; 0                      ; 0                      ; 0                      ; 0                      ; 0                      ; 0                      ; 0                      ; 0                               ; 0                          ; 0                      ; 0                      ; 0                      ; 0                      ; 0                      ; 1                      ; 0                      ; 0                       ; 0                       ; 0                       ; 0                       ; 0                      ; 0                      ; 0                      ; 0                      ; 0                      ; 0                      ; 0                      ; 0                      ; 0                ; 0                   ; 0                     ; 0                  ; 0                      ; 0                 ; 1                   ;
; next_state.st_com_inf1          ; 0                     ; 0                 ; 0                      ; 0                      ; 0                      ; 0                      ; 0                      ; 0                      ; 0                      ; 0                      ; 0                               ; 0                          ; 0                      ; 0                      ; 0                      ; 0                      ; 1                      ; 0                      ; 0                      ; 0                       ; 0                       ; 0                       ; 0                       ; 0                      ; 0                      ; 0                      ; 0                      ; 0                      ; 0                      ; 0                      ; 0                      ; 0                ; 0                   ; 0                     ; 0                  ; 0                      ; 0                 ; 1                   ;
; next_state.st_com_inf2          ; 0                     ; 0                 ; 0                      ; 0                      ; 0                      ; 0                      ; 0                      ; 0                      ; 0                      ; 0                      ; 0                               ; 0                          ; 0                      ; 0                      ; 0                      ; 1                      ; 0                      ; 0                      ; 0                      ; 0                       ; 0                       ; 0                       ; 0                       ; 0                      ; 0                      ; 0                      ; 0                      ; 0                      ; 0                      ; 0                      ; 0                      ; 0                ; 0                   ; 0                     ; 0                  ; 0                      ; 0                 ; 1                   ;
; next_state.st_blc_off1          ; 0                     ; 0                 ; 0                      ; 0                      ; 0                      ; 0                      ; 0                      ; 0                      ; 0                      ; 0                      ; 0                               ; 0                          ; 0                      ; 0                      ; 1                      ; 0                      ; 0                      ; 0                      ; 0                      ; 0                       ; 0                       ; 0                       ; 0                       ; 0                      ; 0                      ; 0                      ; 0                      ; 0                      ; 0                      ; 0                      ; 0                      ; 0                ; 0                   ; 0                     ; 0                  ; 0                      ; 0                 ; 1                   ;
; next_state.st_blc_off2          ; 0                     ; 0                 ; 0                      ; 0                      ; 0                      ; 0                      ; 0                      ; 0                      ; 0                      ; 0                      ; 0                               ; 0                          ; 0                      ; 1                      ; 0                      ; 0                      ; 0                      ; 0                      ; 0                      ; 0                       ; 0                       ; 0                       ; 0                       ; 0                      ; 0                      ; 0                      ; 0                      ; 0                      ; 0                      ; 0                      ; 0                      ; 0                ; 0                   ; 0                     ; 0                  ; 0                      ; 0                 ; 1                   ;
; next_state.st_blc_off3          ; 0                     ; 0                 ; 0                      ; 0                      ; 0                      ; 0                      ; 0                      ; 0                      ; 0                      ; 0                      ; 0                               ; 0                          ; 1                      ; 0                      ; 0                      ; 0                      ; 0                      ; 0                      ; 0                      ; 0                       ; 0                       ; 0                       ; 0                       ; 0                      ; 0                      ; 0                      ; 0                      ; 0                      ; 0                      ; 0                      ; 0                      ; 0                ; 0                   ; 0                     ; 0                  ; 0                      ; 0                 ; 1                   ;
; next_state.st_test_pattern      ; 0                     ; 0                 ; 0                      ; 0                      ; 0                      ; 0                      ; 0                      ; 0                      ; 0                      ; 0                      ; 0                               ; 1                          ; 0                      ; 0                      ; 0                      ; 0                      ; 0                      ; 0                      ; 0                      ; 0                       ; 0                       ; 0                       ; 0                       ; 0                      ; 0                      ; 0                      ; 0                      ; 0                      ; 0                      ; 0                      ; 0                      ; 0                ; 0                   ; 0                     ; 0                  ; 0                      ; 0                 ; 1                   ;
; next_state.st_test_pattern_data ; 0                     ; 0                 ; 0                      ; 0                      ; 0                      ; 0                      ; 0                      ; 0                      ; 0                      ; 0                      ; 1                               ; 0                          ; 0                      ; 0                      ; 0                      ; 0                      ; 0                      ; 0                      ; 0                      ; 0                       ; 0                       ; 0                       ; 0                       ; 0                      ; 0                      ; 0                      ; 0                      ; 0                      ; 0                      ; 0                      ; 0                      ; 0                ; 0                   ; 0                     ; 0                  ; 0                      ; 0                 ; 1                   ;
; next_state.st_reg_lin1          ; 0                     ; 0                 ; 0                      ; 0                      ; 0                      ; 0                      ; 0                      ; 0                      ; 0                      ; 1                      ; 0                               ; 0                          ; 0                      ; 0                      ; 0                      ; 0                      ; 0                      ; 0                      ; 0                      ; 0                       ; 0                       ; 0                       ; 0                       ; 0                      ; 0                      ; 0                      ; 0                      ; 0                      ; 0                      ; 0                      ; 0                      ; 0                ; 0                   ; 0                     ; 0                  ; 0                      ; 0                 ; 1                   ;
; next_state.st_reg_lin2          ; 0                     ; 0                 ; 0                      ; 0                      ; 0                      ; 0                      ; 0                      ; 0                      ; 1                      ; 0                      ; 0                               ; 0                          ; 0                      ; 0                      ; 0                      ; 0                      ; 0                      ; 0                      ; 0                      ; 0                       ; 0                       ; 0                       ; 0                       ; 0                      ; 0                      ; 0                      ; 0                      ; 0                      ; 0                      ; 0                      ; 0                      ; 0                ; 0                   ; 0                     ; 0                  ; 0                      ; 0                 ; 1                   ;
; next_state.st_com_lin1          ; 0                     ; 0                 ; 0                      ; 0                      ; 0                      ; 0                      ; 0                      ; 1                      ; 0                      ; 0                      ; 0                               ; 0                          ; 0                      ; 0                      ; 0                      ; 0                      ; 0                      ; 0                      ; 0                      ; 0                       ; 0                       ; 0                       ; 0                       ; 0                      ; 0                      ; 0                      ; 0                      ; 0                      ; 0                      ; 0                      ; 0                      ; 0                ; 0                   ; 0                     ; 0                  ; 0                      ; 0                 ; 1                   ;
; next_state.st_com_lin2          ; 0                     ; 0                 ; 0                      ; 0                      ; 0                      ; 0                      ; 1                      ; 0                      ; 0                      ; 0                      ; 0                               ; 0                          ; 0                      ; 0                      ; 0                      ; 0                      ; 0                      ; 0                      ; 0                      ; 0                       ; 0                       ; 0                       ; 0                       ; 0                      ; 0                      ; 0                      ; 0                      ; 0                      ; 0                      ; 0                      ; 0                      ; 0                ; 0                   ; 0                     ; 0                  ; 0                      ; 0                 ; 1                   ;
; next_state.st_reg_col1          ; 0                     ; 0                 ; 0                      ; 0                      ; 0                      ; 1                      ; 0                      ; 0                      ; 0                      ; 0                      ; 0                               ; 0                          ; 0                      ; 0                      ; 0                      ; 0                      ; 0                      ; 0                      ; 0                      ; 0                       ; 0                       ; 0                       ; 0                       ; 0                      ; 0                      ; 0                      ; 0                      ; 0                      ; 0                      ; 0                      ; 0                      ; 0                ; 0                   ; 0                     ; 0                  ; 0                      ; 0                 ; 1                   ;
; next_state.st_reg_col2          ; 0                     ; 0                 ; 0                      ; 0                      ; 1                      ; 0                      ; 0                      ; 0                      ; 0                      ; 0                      ; 0                               ; 0                          ; 0                      ; 0                      ; 0                      ; 0                      ; 0                      ; 0                      ; 0                      ; 0                       ; 0                       ; 0                       ; 0                       ; 0                      ; 0                      ; 0                      ; 0                      ; 0                      ; 0                      ; 0                      ; 0                      ; 0                ; 0                   ; 0                     ; 0                  ; 0                      ; 0                 ; 1                   ;
; next_state.st_com_col1          ; 0                     ; 0                 ; 0                      ; 1                      ; 0                      ; 0                      ; 0                      ; 0                      ; 0                      ; 0                      ; 0                               ; 0                          ; 0                      ; 0                      ; 0                      ; 0                      ; 0                      ; 0                      ; 0                      ; 0                       ; 0                       ; 0                       ; 0                       ; 0                      ; 0                      ; 0                      ; 0                      ; 0                      ; 0                      ; 0                      ; 0                      ; 0                ; 0                   ; 0                     ; 0                  ; 0                      ; 0                 ; 1                   ;
; next_state.st_com_col2          ; 0                     ; 0                 ; 1                      ; 0                      ; 0                      ; 0                      ; 0                      ; 0                      ; 0                      ; 0                      ; 0                               ; 0                          ; 0                      ; 0                      ; 0                      ; 0                      ; 0                      ; 0                      ; 0                      ; 0                       ; 0                       ; 0                       ; 0                       ; 0                      ; 0                      ; 0                      ; 0                      ; 0                      ; 0                      ; 0                      ; 0                      ; 0                ; 0                   ; 0                     ; 0                  ; 0                      ; 0                 ; 1                   ;
; next_state.st_end               ; 0                     ; 1                 ; 0                      ; 0                      ; 0                      ; 0                      ; 0                      ; 0                      ; 0                      ; 0                      ; 0                               ; 0                          ; 0                      ; 0                      ; 0                      ; 0                      ; 0                      ; 0                      ; 0                      ; 0                       ; 0                       ; 0                       ; 0                       ; 0                      ; 0                      ; 0                      ; 0                      ; 0                      ; 0                      ; 0                      ; 0                      ; 0                ; 0                   ; 0                     ; 0                  ; 0                      ; 0                 ; 1                   ;
; next_state.st_end_out           ; 1                     ; 0                 ; 0                      ; 0                      ; 0                      ; 0                      ; 0                      ; 0                      ; 0                      ; 0                      ; 0                               ; 0                          ; 0                      ; 0                      ; 0                      ; 0                      ; 0                      ; 0                      ; 0                      ; 0                       ; 0                       ; 0                       ; 0                       ; 0                      ; 0                      ; 0                      ; 0                      ; 0                      ; 0                      ; 0                      ; 0                      ; 0                ; 0                   ; 0                     ; 0                  ; 0                      ; 0                 ; 1                   ;
+---------------------------------+-----------------------+-------------------+------------------------+------------------------+------------------------+------------------------+------------------------+------------------------+------------------------+------------------------+---------------------------------+----------------------------+------------------------+------------------------+------------------------+------------------------+------------------------+------------------------+------------------------+-------------------------+-------------------------+-------------------------+-------------------------+------------------------+------------------------+------------------------+------------------------+------------------------+------------------------+------------------------+------------------------+------------------+---------------------+-----------------------+--------------------+------------------------+-------------------+---------------------+


Encoding Type:  One-Hot
+------------------------------------------------------------------------------------------------------------------------------------------------------------------------------------------------------------------------------------------------------------------------------------------------------------------------------------------------------------------------------------------------------------------------------------------------------------------------------------------------------------------------------------------------------------------------------------------------------------------------------------------------------------------------------------------------------------------------------------------------------------------------------------------------------------------------------------------------------------------------------------------------------------------------------------------------------------------------------------------------------------+
; State Machine - |top_project|camer:cam_inst|prev_state                                                                                                                                                                                                                                                                                                                                                                                                                                                                                                                                                                                                                                                                                                                                                                                                                                                                                                                                                     ;
+---------------------------------+-----------------------+-------------------+------------------------+------------------------+------------------------+------------------------+------------------------+------------------------+------------------------+------------------------+---------------------------------+----------------------------+------------------------+------------------------+------------------------+------------------------+------------------------+------------------------+------------------------+-------------------------+-------------------------+-------------------------+-------------------------+------------------------+------------------------+------------------------+------------------------+------------------------+------------------------+------------------------+------------------------+------------------+---------------------+-----------------------+--------------------+------------------------+-------------------+---------------------+
; Name                            ; prev_state.st_end_out ; prev_state.st_end ; prev_state.st_com_col2 ; prev_state.st_com_col1 ; prev_state.st_reg_col2 ; prev_state.st_reg_col1 ; prev_state.st_com_lin2 ; prev_state.st_com_lin1 ; prev_state.st_reg_lin2 ; prev_state.st_reg_lin1 ; prev_state.st_test_pattern_data ; prev_state.st_test_pattern ; prev_state.st_blc_off3 ; prev_state.st_blc_off2 ; prev_state.st_blc_off1 ; prev_state.st_com_inf2 ; prev_state.st_com_inf1 ; prev_state.st_reg_inf2 ; prev_state.st_reg_inf1 ; prev_state.st_com_pll22 ; prev_state.st_com_pll21 ; prev_state.st_reg_pll22 ; prev_state.st_reg_pll21 ; prev_state.st_com_pll2 ; prev_state.st_com_pll1 ; prev_state.st_reg_pll2 ; prev_state.st_reg_pll1 ; prev_state.st_com_res2 ; prev_state.st_com_res1 ; prev_state.st_reg_res2 ; prev_state.st_reg_res1 ; prev_state.st_id ; prev_state.st_start ; prev_state.st_loading ; prev_state.st_wait ; prev_state.st_transfer ; prev_state.st_ask ; prev_state.st_unres ;
+---------------------------------+-----------------------+-------------------+------------------------+------------------------+------------------------+------------------------+------------------------+------------------------+------------------------+------------------------+---------------------------------+----------------------------+------------------------+------------------------+------------------------+------------------------+------------------------+------------------------+------------------------+-------------------------+-------------------------+-------------------------+-------------------------+------------------------+------------------------+------------------------+------------------------+------------------------+------------------------+------------------------+------------------------+------------------+---------------------+-----------------------+--------------------+------------------------+-------------------+---------------------+
; prev_state.st_unres             ; 0                     ; 0                 ; 0                      ; 0                      ; 0                      ; 0                      ; 0                      ; 0                      ; 0                      ; 0                      ; 0                               ; 0                          ; 0                      ; 0                      ; 0                      ; 0                      ; 0                      ; 0                      ; 0                      ; 0                       ; 0                       ; 0                       ; 0                       ; 0                      ; 0                      ; 0                      ; 0                      ; 0                      ; 0                      ; 0                      ; 0                      ; 0                ; 0                   ; 0                     ; 0                  ; 0                      ; 0                 ; 0                   ;
; prev_state.st_ask               ; 0                     ; 0                 ; 0                      ; 0                      ; 0                      ; 0                      ; 0                      ; 0                      ; 0                      ; 0                      ; 0                               ; 0                          ; 0                      ; 0                      ; 0                      ; 0                      ; 0                      ; 0                      ; 0                      ; 0                       ; 0                       ; 0                       ; 0                       ; 0                      ; 0                      ; 0                      ; 0                      ; 0                      ; 0                      ; 0                      ; 0                      ; 0                ; 0                   ; 0                     ; 0                  ; 0                      ; 1                 ; 1                   ;
; prev_state.st_transfer          ; 0                     ; 0                 ; 0                      ; 0                      ; 0                      ; 0                      ; 0                      ; 0                      ; 0                      ; 0                      ; 0                               ; 0                          ; 0                      ; 0                      ; 0                      ; 0                      ; 0                      ; 0                      ; 0                      ; 0                       ; 0                       ; 0                       ; 0                       ; 0                      ; 0                      ; 0                      ; 0                      ; 0                      ; 0                      ; 0                      ; 0                      ; 0                ; 0                   ; 0                     ; 0                  ; 1                      ; 0                 ; 1                   ;
; prev_state.st_wait              ; 0                     ; 0                 ; 0                      ; 0                      ; 0                      ; 0                      ; 0                      ; 0                      ; 0                      ; 0                      ; 0                               ; 0                          ; 0                      ; 0                      ; 0                      ; 0                      ; 0                      ; 0                      ; 0                      ; 0                       ; 0                       ; 0                       ; 0                       ; 0                      ; 0                      ; 0                      ; 0                      ; 0                      ; 0                      ; 0                      ; 0                      ; 0                ; 0                   ; 0                     ; 1                  ; 0                      ; 0                 ; 1                   ;
; prev_state.st_loading           ; 0                     ; 0                 ; 0                      ; 0                      ; 0                      ; 0                      ; 0                      ; 0                      ; 0                      ; 0                      ; 0                               ; 0                          ; 0                      ; 0                      ; 0                      ; 0                      ; 0                      ; 0                      ; 0                      ; 0                       ; 0                       ; 0                       ; 0                       ; 0                      ; 0                      ; 0                      ; 0                      ; 0                      ; 0                      ; 0                      ; 0                      ; 0                ; 0                   ; 1                     ; 0                  ; 0                      ; 0                 ; 1                   ;
; prev_state.st_start             ; 0                     ; 0                 ; 0                      ; 0                      ; 0                      ; 0                      ; 0                      ; 0                      ; 0                      ; 0                      ; 0                               ; 0                          ; 0                      ; 0                      ; 0                      ; 0                      ; 0                      ; 0                      ; 0                      ; 0                       ; 0                       ; 0                       ; 0                       ; 0                      ; 0                      ; 0                      ; 0                      ; 0                      ; 0                      ; 0                      ; 0                      ; 0                ; 1                   ; 0                     ; 0                  ; 0                      ; 0                 ; 1                   ;
; prev_state.st_id                ; 0                     ; 0                 ; 0                      ; 0                      ; 0                      ; 0                      ; 0                      ; 0                      ; 0                      ; 0                      ; 0                               ; 0                          ; 0                      ; 0                      ; 0                      ; 0                      ; 0                      ; 0                      ; 0                      ; 0                       ; 0                       ; 0                       ; 0                       ; 0                      ; 0                      ; 0                      ; 0                      ; 0                      ; 0                      ; 0                      ; 0                      ; 1                ; 0                   ; 0                     ; 0                  ; 0                      ; 0                 ; 1                   ;
; prev_state.st_reg_res1          ; 0                     ; 0                 ; 0                      ; 0                      ; 0                      ; 0                      ; 0                      ; 0                      ; 0                      ; 0                      ; 0                               ; 0                          ; 0                      ; 0                      ; 0                      ; 0                      ; 0                      ; 0                      ; 0                      ; 0                       ; 0                       ; 0                       ; 0                       ; 0                      ; 0                      ; 0                      ; 0                      ; 0                      ; 0                      ; 0                      ; 1                      ; 0                ; 0                   ; 0                     ; 0                  ; 0                      ; 0                 ; 1                   ;
; prev_state.st_reg_res2          ; 0                     ; 0                 ; 0                      ; 0                      ; 0                      ; 0                      ; 0                      ; 0                      ; 0                      ; 0                      ; 0                               ; 0                          ; 0                      ; 0                      ; 0                      ; 0                      ; 0                      ; 0                      ; 0                      ; 0                       ; 0                       ; 0                       ; 0                       ; 0                      ; 0                      ; 0                      ; 0                      ; 0                      ; 0                      ; 1                      ; 0                      ; 0                ; 0                   ; 0                     ; 0                  ; 0                      ; 0                 ; 1                   ;
; prev_state.st_com_res1          ; 0                     ; 0                 ; 0                      ; 0                      ; 0                      ; 0                      ; 0                      ; 0                      ; 0                      ; 0                      ; 0                               ; 0                          ; 0                      ; 0                      ; 0                      ; 0                      ; 0                      ; 0                      ; 0                      ; 0                       ; 0                       ; 0                       ; 0                       ; 0                      ; 0                      ; 0                      ; 0                      ; 0                      ; 1                      ; 0                      ; 0                      ; 0                ; 0                   ; 0                     ; 0                  ; 0                      ; 0                 ; 1                   ;
; prev_state.st_com_res2          ; 0                     ; 0                 ; 0                      ; 0                      ; 0                      ; 0                      ; 0                      ; 0                      ; 0                      ; 0                      ; 0                               ; 0                          ; 0                      ; 0                      ; 0                      ; 0                      ; 0                      ; 0                      ; 0                      ; 0                       ; 0                       ; 0                       ; 0                       ; 0                      ; 0                      ; 0                      ; 0                      ; 1                      ; 0                      ; 0                      ; 0                      ; 0                ; 0                   ; 0                     ; 0                  ; 0                      ; 0                 ; 1                   ;
; prev_state.st_reg_pll1          ; 0                     ; 0                 ; 0                      ; 0                      ; 0                      ; 0                      ; 0                      ; 0                      ; 0                      ; 0                      ; 0                               ; 0                          ; 0                      ; 0                      ; 0                      ; 0                      ; 0                      ; 0                      ; 0                      ; 0                       ; 0                       ; 0                       ; 0                       ; 0                      ; 0                      ; 0                      ; 1                      ; 0                      ; 0                      ; 0                      ; 0                      ; 0                ; 0                   ; 0                     ; 0                  ; 0                      ; 0                 ; 1                   ;
; prev_state.st_reg_pll2          ; 0                     ; 0                 ; 0                      ; 0                      ; 0                      ; 0                      ; 0                      ; 0                      ; 0                      ; 0                      ; 0                               ; 0                          ; 0                      ; 0                      ; 0                      ; 0                      ; 0                      ; 0                      ; 0                      ; 0                       ; 0                       ; 0                       ; 0                       ; 0                      ; 0                      ; 1                      ; 0                      ; 0                      ; 0                      ; 0                      ; 0                      ; 0                ; 0                   ; 0                     ; 0                  ; 0                      ; 0                 ; 1                   ;
; prev_state.st_com_pll1          ; 0                     ; 0                 ; 0                      ; 0                      ; 0                      ; 0                      ; 0                      ; 0                      ; 0                      ; 0                      ; 0                               ; 0                          ; 0                      ; 0                      ; 0                      ; 0                      ; 0                      ; 0                      ; 0                      ; 0                       ; 0                       ; 0                       ; 0                       ; 0                      ; 1                      ; 0                      ; 0                      ; 0                      ; 0                      ; 0                      ; 0                      ; 0                ; 0                   ; 0                     ; 0                  ; 0                      ; 0                 ; 1                   ;
; prev_state.st_com_pll2          ; 0                     ; 0                 ; 0                      ; 0                      ; 0                      ; 0                      ; 0                      ; 0                      ; 0                      ; 0                      ; 0                               ; 0                          ; 0                      ; 0                      ; 0                      ; 0                      ; 0                      ; 0                      ; 0                      ; 0                       ; 0                       ; 0                       ; 0                       ; 1                      ; 0                      ; 0                      ; 0                      ; 0                      ; 0                      ; 0                      ; 0                      ; 0                ; 0                   ; 0                     ; 0                  ; 0                      ; 0                 ; 1                   ;
; prev_state.st_reg_pll21         ; 0                     ; 0                 ; 0                      ; 0                      ; 0                      ; 0                      ; 0                      ; 0                      ; 0                      ; 0                      ; 0                               ; 0                          ; 0                      ; 0                      ; 0                      ; 0                      ; 0                      ; 0                      ; 0                      ; 0                       ; 0                       ; 0                       ; 1                       ; 0                      ; 0                      ; 0                      ; 0                      ; 0                      ; 0                      ; 0                      ; 0                      ; 0                ; 0                   ; 0                     ; 0                  ; 0                      ; 0                 ; 1                   ;
; prev_state.st_reg_pll22         ; 0                     ; 0                 ; 0                      ; 0                      ; 0                      ; 0                      ; 0                      ; 0                      ; 0                      ; 0                      ; 0                               ; 0                          ; 0                      ; 0                      ; 0                      ; 0                      ; 0                      ; 0                      ; 0                      ; 0                       ; 0                       ; 1                       ; 0                       ; 0                      ; 0                      ; 0                      ; 0                      ; 0                      ; 0                      ; 0                      ; 0                      ; 0                ; 0                   ; 0                     ; 0                  ; 0                      ; 0                 ; 1                   ;
; prev_state.st_com_pll21         ; 0                     ; 0                 ; 0                      ; 0                      ; 0                      ; 0                      ; 0                      ; 0                      ; 0                      ; 0                      ; 0                               ; 0                          ; 0                      ; 0                      ; 0                      ; 0                      ; 0                      ; 0                      ; 0                      ; 0                       ; 1                       ; 0                       ; 0                       ; 0                      ; 0                      ; 0                      ; 0                      ; 0                      ; 0                      ; 0                      ; 0                      ; 0                ; 0                   ; 0                     ; 0                  ; 0                      ; 0                 ; 1                   ;
; prev_state.st_com_pll22         ; 0                     ; 0                 ; 0                      ; 0                      ; 0                      ; 0                      ; 0                      ; 0                      ; 0                      ; 0                      ; 0                               ; 0                          ; 0                      ; 0                      ; 0                      ; 0                      ; 0                      ; 0                      ; 0                      ; 1                       ; 0                       ; 0                       ; 0                       ; 0                      ; 0                      ; 0                      ; 0                      ; 0                      ; 0                      ; 0                      ; 0                      ; 0                ; 0                   ; 0                     ; 0                  ; 0                      ; 0                 ; 1                   ;
; prev_state.st_reg_inf1          ; 0                     ; 0                 ; 0                      ; 0                      ; 0                      ; 0                      ; 0                      ; 0                      ; 0                      ; 0                      ; 0                               ; 0                          ; 0                      ; 0                      ; 0                      ; 0                      ; 0                      ; 0                      ; 1                      ; 0                       ; 0                       ; 0                       ; 0                       ; 0                      ; 0                      ; 0                      ; 0                      ; 0                      ; 0                      ; 0                      ; 0                      ; 0                ; 0                   ; 0                     ; 0                  ; 0                      ; 0                 ; 1                   ;
; prev_state.st_reg_inf2          ; 0                     ; 0                 ; 0                      ; 0                      ; 0                      ; 0                      ; 0                      ; 0                      ; 0                      ; 0                      ; 0                               ; 0                          ; 0                      ; 0                      ; 0                      ; 0                      ; 0                      ; 1                      ; 0                      ; 0                       ; 0                       ; 0                       ; 0                       ; 0                      ; 0                      ; 0                      ; 0                      ; 0                      ; 0                      ; 0                      ; 0                      ; 0                ; 0                   ; 0                     ; 0                  ; 0                      ; 0                 ; 1                   ;
; prev_state.st_com_inf1          ; 0                     ; 0                 ; 0                      ; 0                      ; 0                      ; 0                      ; 0                      ; 0                      ; 0                      ; 0                      ; 0                               ; 0                          ; 0                      ; 0                      ; 0                      ; 0                      ; 1                      ; 0                      ; 0                      ; 0                       ; 0                       ; 0                       ; 0                       ; 0                      ; 0                      ; 0                      ; 0                      ; 0                      ; 0                      ; 0                      ; 0                      ; 0                ; 0                   ; 0                     ; 0                  ; 0                      ; 0                 ; 1                   ;
; prev_state.st_com_inf2          ; 0                     ; 0                 ; 0                      ; 0                      ; 0                      ; 0                      ; 0                      ; 0                      ; 0                      ; 0                      ; 0                               ; 0                          ; 0                      ; 0                      ; 0                      ; 1                      ; 0                      ; 0                      ; 0                      ; 0                       ; 0                       ; 0                       ; 0                       ; 0                      ; 0                      ; 0                      ; 0                      ; 0                      ; 0                      ; 0                      ; 0                      ; 0                ; 0                   ; 0                     ; 0                  ; 0                      ; 0                 ; 1                   ;
; prev_state.st_blc_off1          ; 0                     ; 0                 ; 0                      ; 0                      ; 0                      ; 0                      ; 0                      ; 0                      ; 0                      ; 0                      ; 0                               ; 0                          ; 0                      ; 0                      ; 1                      ; 0                      ; 0                      ; 0                      ; 0                      ; 0                       ; 0                       ; 0                       ; 0                       ; 0                      ; 0                      ; 0                      ; 0                      ; 0                      ; 0                      ; 0                      ; 0                      ; 0                ; 0                   ; 0                     ; 0                  ; 0                      ; 0                 ; 1                   ;
; prev_state.st_blc_off2          ; 0                     ; 0                 ; 0                      ; 0                      ; 0                      ; 0                      ; 0                      ; 0                      ; 0                      ; 0                      ; 0                               ; 0                          ; 0                      ; 1                      ; 0                      ; 0                      ; 0                      ; 0                      ; 0                      ; 0                       ; 0                       ; 0                       ; 0                       ; 0                      ; 0                      ; 0                      ; 0                      ; 0                      ; 0                      ; 0                      ; 0                      ; 0                ; 0                   ; 0                     ; 0                  ; 0                      ; 0                 ; 1                   ;
; prev_state.st_blc_off3          ; 0                     ; 0                 ; 0                      ; 0                      ; 0                      ; 0                      ; 0                      ; 0                      ; 0                      ; 0                      ; 0                               ; 0                          ; 1                      ; 0                      ; 0                      ; 0                      ; 0                      ; 0                      ; 0                      ; 0                       ; 0                       ; 0                       ; 0                       ; 0                      ; 0                      ; 0                      ; 0                      ; 0                      ; 0                      ; 0                      ; 0                      ; 0                ; 0                   ; 0                     ; 0                  ; 0                      ; 0                 ; 1                   ;
; prev_state.st_test_pattern      ; 0                     ; 0                 ; 0                      ; 0                      ; 0                      ; 0                      ; 0                      ; 0                      ; 0                      ; 0                      ; 0                               ; 1                          ; 0                      ; 0                      ; 0                      ; 0                      ; 0                      ; 0                      ; 0                      ; 0                       ; 0                       ; 0                       ; 0                       ; 0                      ; 0                      ; 0                      ; 0                      ; 0                      ; 0                      ; 0                      ; 0                      ; 0                ; 0                   ; 0                     ; 0                  ; 0                      ; 0                 ; 1                   ;
; prev_state.st_test_pattern_data ; 0                     ; 0                 ; 0                      ; 0                      ; 0                      ; 0                      ; 0                      ; 0                      ; 0                      ; 0                      ; 1                               ; 0                          ; 0                      ; 0                      ; 0                      ; 0                      ; 0                      ; 0                      ; 0                      ; 0                       ; 0                       ; 0                       ; 0                       ; 0                      ; 0                      ; 0                      ; 0                      ; 0                      ; 0                      ; 0                      ; 0                      ; 0                ; 0                   ; 0                     ; 0                  ; 0                      ; 0                 ; 1                   ;
; prev_state.st_reg_lin1          ; 0                     ; 0                 ; 0                      ; 0                      ; 0                      ; 0                      ; 0                      ; 0                      ; 0                      ; 1                      ; 0                               ; 0                          ; 0                      ; 0                      ; 0                      ; 0                      ; 0                      ; 0                      ; 0                      ; 0                       ; 0                       ; 0                       ; 0                       ; 0                      ; 0                      ; 0                      ; 0                      ; 0                      ; 0                      ; 0                      ; 0                      ; 0                ; 0                   ; 0                     ; 0                  ; 0                      ; 0                 ; 1                   ;
; prev_state.st_reg_lin2          ; 0                     ; 0                 ; 0                      ; 0                      ; 0                      ; 0                      ; 0                      ; 0                      ; 1                      ; 0                      ; 0                               ; 0                          ; 0                      ; 0                      ; 0                      ; 0                      ; 0                      ; 0                      ; 0                      ; 0                       ; 0                       ; 0                       ; 0                       ; 0                      ; 0                      ; 0                      ; 0                      ; 0                      ; 0                      ; 0                      ; 0                      ; 0                ; 0                   ; 0                     ; 0                  ; 0                      ; 0                 ; 1                   ;
; prev_state.st_com_lin1          ; 0                     ; 0                 ; 0                      ; 0                      ; 0                      ; 0                      ; 0                      ; 1                      ; 0                      ; 0                      ; 0                               ; 0                          ; 0                      ; 0                      ; 0                      ; 0                      ; 0                      ; 0                      ; 0                      ; 0                       ; 0                       ; 0                       ; 0                       ; 0                      ; 0                      ; 0                      ; 0                      ; 0                      ; 0                      ; 0                      ; 0                      ; 0                ; 0                   ; 0                     ; 0                  ; 0                      ; 0                 ; 1                   ;
; prev_state.st_com_lin2          ; 0                     ; 0                 ; 0                      ; 0                      ; 0                      ; 0                      ; 1                      ; 0                      ; 0                      ; 0                      ; 0                               ; 0                          ; 0                      ; 0                      ; 0                      ; 0                      ; 0                      ; 0                      ; 0                      ; 0                       ; 0                       ; 0                       ; 0                       ; 0                      ; 0                      ; 0                      ; 0                      ; 0                      ; 0                      ; 0                      ; 0                      ; 0                ; 0                   ; 0                     ; 0                  ; 0                      ; 0                 ; 1                   ;
; prev_state.st_reg_col1          ; 0                     ; 0                 ; 0                      ; 0                      ; 0                      ; 1                      ; 0                      ; 0                      ; 0                      ; 0                      ; 0                               ; 0                          ; 0                      ; 0                      ; 0                      ; 0                      ; 0                      ; 0                      ; 0                      ; 0                       ; 0                       ; 0                       ; 0                       ; 0                      ; 0                      ; 0                      ; 0                      ; 0                      ; 0                      ; 0                      ; 0                      ; 0                ; 0                   ; 0                     ; 0                  ; 0                      ; 0                 ; 1                   ;
; prev_state.st_reg_col2          ; 0                     ; 0                 ; 0                      ; 0                      ; 1                      ; 0                      ; 0                      ; 0                      ; 0                      ; 0                      ; 0                               ; 0                          ; 0                      ; 0                      ; 0                      ; 0                      ; 0                      ; 0                      ; 0                      ; 0                       ; 0                       ; 0                       ; 0                       ; 0                      ; 0                      ; 0                      ; 0                      ; 0                      ; 0                      ; 0                      ; 0                      ; 0                ; 0                   ; 0                     ; 0                  ; 0                      ; 0                 ; 1                   ;
; prev_state.st_com_col1          ; 0                     ; 0                 ; 0                      ; 1                      ; 0                      ; 0                      ; 0                      ; 0                      ; 0                      ; 0                      ; 0                               ; 0                          ; 0                      ; 0                      ; 0                      ; 0                      ; 0                      ; 0                      ; 0                      ; 0                       ; 0                       ; 0                       ; 0                       ; 0                      ; 0                      ; 0                      ; 0                      ; 0                      ; 0                      ; 0                      ; 0                      ; 0                ; 0                   ; 0                     ; 0                  ; 0                      ; 0                 ; 1                   ;
; prev_state.st_com_col2          ; 0                     ; 0                 ; 1                      ; 0                      ; 0                      ; 0                      ; 0                      ; 0                      ; 0                      ; 0                      ; 0                               ; 0                          ; 0                      ; 0                      ; 0                      ; 0                      ; 0                      ; 0                      ; 0                      ; 0                       ; 0                       ; 0                       ; 0                       ; 0                      ; 0                      ; 0                      ; 0                      ; 0                      ; 0                      ; 0                      ; 0                      ; 0                ; 0                   ; 0                     ; 0                  ; 0                      ; 0                 ; 1                   ;
; prev_state.st_end               ; 0                     ; 1                 ; 0                      ; 0                      ; 0                      ; 0                      ; 0                      ; 0                      ; 0                      ; 0                      ; 0                               ; 0                          ; 0                      ; 0                      ; 0                      ; 0                      ; 0                      ; 0                      ; 0                      ; 0                       ; 0                       ; 0                       ; 0                       ; 0                      ; 0                      ; 0                      ; 0                      ; 0                      ; 0                      ; 0                      ; 0                      ; 0                ; 0                   ; 0                     ; 0                  ; 0                      ; 0                 ; 1                   ;
; prev_state.st_end_out           ; 1                     ; 0                 ; 0                      ; 0                      ; 0                      ; 0                      ; 0                      ; 0                      ; 0                      ; 0                      ; 0                               ; 0                          ; 0                      ; 0                      ; 0                      ; 0                      ; 0                      ; 0                      ; 0                      ; 0                       ; 0                       ; 0                       ; 0                       ; 0                      ; 0                      ; 0                      ; 0                      ; 0                      ; 0                      ; 0                      ; 0                      ; 0                ; 0                   ; 0                     ; 0                  ; 0                      ; 0                 ; 1                   ;
+---------------------------------+-----------------------+-------------------+------------------------+------------------------+------------------------+------------------------+------------------------+------------------------+------------------------+------------------------+---------------------------------+----------------------------+------------------------+------------------------+------------------------+------------------------+------------------------+------------------------+------------------------+-------------------------+-------------------------+-------------------------+-------------------------+------------------------+------------------------+------------------------+------------------------+------------------------+------------------------+------------------------+------------------------+------------------+---------------------+-----------------------+--------------------+------------------------+-------------------+---------------------+


Encoding Type:  One-Hot
+---------------------------------------------------------------------------------------------------------------------------------------------------------------------------------------------------------------------------------------------------------------------------------------------------------------------------------------------------------------------------------------------------------------------------------------------------------------------------------------------------------------------------------------------------------------------------------------------------------------------------------------------------------------------------------------------------------------------------------------------------------------------------------------------------------+
; State Machine - |top_project|camer:cam_inst|state                                                                                                                                                                                                                                                                                                                                                                                                                                                                                                                                                                                                                                                                                                                                                       ;
+----------------------------+------------------+--------------+-------------------+-------------------+-------------------+-------------------+-------------------+-------------------+-------------------+-------------------+----------------------------+-----------------------+-------------------+-------------------+-------------------+-------------------+-------------------+-------------------+-------------------+--------------------+--------------------+--------------------+--------------------+-------------------+-------------------+-------------------+-------------------+-------------------+-------------------+-------------------+-------------------+-------------+----------------+------------------+---------------+-------------------+--------------+----------------+
; Name                       ; state.st_end_out ; state.st_end ; state.st_com_col2 ; state.st_com_col1 ; state.st_reg_col2 ; state.st_reg_col1 ; state.st_com_lin2 ; state.st_com_lin1 ; state.st_reg_lin2 ; state.st_reg_lin1 ; state.st_test_pattern_data ; state.st_test_pattern ; state.st_blc_off3 ; state.st_blc_off2 ; state.st_blc_off1 ; state.st_com_inf2 ; state.st_com_inf1 ; state.st_reg_inf2 ; state.st_reg_inf1 ; state.st_com_pll22 ; state.st_com_pll21 ; state.st_reg_pll22 ; state.st_reg_pll21 ; state.st_com_pll2 ; state.st_com_pll1 ; state.st_reg_pll2 ; state.st_reg_pll1 ; state.st_com_res2 ; state.st_com_res1 ; state.st_reg_res2 ; state.st_reg_res1 ; state.st_id ; state.st_start ; state.st_loading ; state.st_wait ; state.st_transfer ; state.st_ask ; state.st_unres ;
+----------------------------+------------------+--------------+-------------------+-------------------+-------------------+-------------------+-------------------+-------------------+-------------------+-------------------+----------------------------+-----------------------+-------------------+-------------------+-------------------+-------------------+-------------------+-------------------+-------------------+--------------------+--------------------+--------------------+--------------------+-------------------+-------------------+-------------------+-------------------+-------------------+-------------------+-------------------+-------------------+-------------+----------------+------------------+---------------+-------------------+--------------+----------------+
; state.st_unres             ; 0                ; 0            ; 0                 ; 0                 ; 0                 ; 0                 ; 0                 ; 0                 ; 0                 ; 0                 ; 0                          ; 0                     ; 0                 ; 0                 ; 0                 ; 0                 ; 0                 ; 0                 ; 0                 ; 0                  ; 0                  ; 0                  ; 0                  ; 0                 ; 0                 ; 0                 ; 0                 ; 0                 ; 0                 ; 0                 ; 0                 ; 0           ; 0              ; 0                ; 0             ; 0                 ; 0            ; 0              ;
; state.st_ask               ; 0                ; 0            ; 0                 ; 0                 ; 0                 ; 0                 ; 0                 ; 0                 ; 0                 ; 0                 ; 0                          ; 0                     ; 0                 ; 0                 ; 0                 ; 0                 ; 0                 ; 0                 ; 0                 ; 0                  ; 0                  ; 0                  ; 0                  ; 0                 ; 0                 ; 0                 ; 0                 ; 0                 ; 0                 ; 0                 ; 0                 ; 0           ; 0              ; 0                ; 0             ; 0                 ; 1            ; 1              ;
; state.st_transfer          ; 0                ; 0            ; 0                 ; 0                 ; 0                 ; 0                 ; 0                 ; 0                 ; 0                 ; 0                 ; 0                          ; 0                     ; 0                 ; 0                 ; 0                 ; 0                 ; 0                 ; 0                 ; 0                 ; 0                  ; 0                  ; 0                  ; 0                  ; 0                 ; 0                 ; 0                 ; 0                 ; 0                 ; 0                 ; 0                 ; 0                 ; 0           ; 0              ; 0                ; 0             ; 1                 ; 0            ; 1              ;
; state.st_wait              ; 0                ; 0            ; 0                 ; 0                 ; 0                 ; 0                 ; 0                 ; 0                 ; 0                 ; 0                 ; 0                          ; 0                     ; 0                 ; 0                 ; 0                 ; 0                 ; 0                 ; 0                 ; 0                 ; 0                  ; 0                  ; 0                  ; 0                  ; 0                 ; 0                 ; 0                 ; 0                 ; 0                 ; 0                 ; 0                 ; 0                 ; 0           ; 0              ; 0                ; 1             ; 0                 ; 0            ; 1              ;
; state.st_loading           ; 0                ; 0            ; 0                 ; 0                 ; 0                 ; 0                 ; 0                 ; 0                 ; 0                 ; 0                 ; 0                          ; 0                     ; 0                 ; 0                 ; 0                 ; 0                 ; 0                 ; 0                 ; 0                 ; 0                  ; 0                  ; 0                  ; 0                  ; 0                 ; 0                 ; 0                 ; 0                 ; 0                 ; 0                 ; 0                 ; 0                 ; 0           ; 0              ; 1                ; 0             ; 0                 ; 0            ; 1              ;
; state.st_start             ; 0                ; 0            ; 0                 ; 0                 ; 0                 ; 0                 ; 0                 ; 0                 ; 0                 ; 0                 ; 0                          ; 0                     ; 0                 ; 0                 ; 0                 ; 0                 ; 0                 ; 0                 ; 0                 ; 0                  ; 0                  ; 0                  ; 0                  ; 0                 ; 0                 ; 0                 ; 0                 ; 0                 ; 0                 ; 0                 ; 0                 ; 0           ; 1              ; 0                ; 0             ; 0                 ; 0            ; 1              ;
; state.st_id                ; 0                ; 0            ; 0                 ; 0                 ; 0                 ; 0                 ; 0                 ; 0                 ; 0                 ; 0                 ; 0                          ; 0                     ; 0                 ; 0                 ; 0                 ; 0                 ; 0                 ; 0                 ; 0                 ; 0                  ; 0                  ; 0                  ; 0                  ; 0                 ; 0                 ; 0                 ; 0                 ; 0                 ; 0                 ; 0                 ; 0                 ; 1           ; 0              ; 0                ; 0             ; 0                 ; 0            ; 1              ;
; state.st_reg_res1          ; 0                ; 0            ; 0                 ; 0                 ; 0                 ; 0                 ; 0                 ; 0                 ; 0                 ; 0                 ; 0                          ; 0                     ; 0                 ; 0                 ; 0                 ; 0                 ; 0                 ; 0                 ; 0                 ; 0                  ; 0                  ; 0                  ; 0                  ; 0                 ; 0                 ; 0                 ; 0                 ; 0                 ; 0                 ; 0                 ; 1                 ; 0           ; 0              ; 0                ; 0             ; 0                 ; 0            ; 1              ;
; state.st_reg_res2          ; 0                ; 0            ; 0                 ; 0                 ; 0                 ; 0                 ; 0                 ; 0                 ; 0                 ; 0                 ; 0                          ; 0                     ; 0                 ; 0                 ; 0                 ; 0                 ; 0                 ; 0                 ; 0                 ; 0                  ; 0                  ; 0                  ; 0                  ; 0                 ; 0                 ; 0                 ; 0                 ; 0                 ; 0                 ; 1                 ; 0                 ; 0           ; 0              ; 0                ; 0             ; 0                 ; 0            ; 1              ;
; state.st_com_res1          ; 0                ; 0            ; 0                 ; 0                 ; 0                 ; 0                 ; 0                 ; 0                 ; 0                 ; 0                 ; 0                          ; 0                     ; 0                 ; 0                 ; 0                 ; 0                 ; 0                 ; 0                 ; 0                 ; 0                  ; 0                  ; 0                  ; 0                  ; 0                 ; 0                 ; 0                 ; 0                 ; 0                 ; 1                 ; 0                 ; 0                 ; 0           ; 0              ; 0                ; 0             ; 0                 ; 0            ; 1              ;
; state.st_com_res2          ; 0                ; 0            ; 0                 ; 0                 ; 0                 ; 0                 ; 0                 ; 0                 ; 0                 ; 0                 ; 0                          ; 0                     ; 0                 ; 0                 ; 0                 ; 0                 ; 0                 ; 0                 ; 0                 ; 0                  ; 0                  ; 0                  ; 0                  ; 0                 ; 0                 ; 0                 ; 0                 ; 1                 ; 0                 ; 0                 ; 0                 ; 0           ; 0              ; 0                ; 0             ; 0                 ; 0            ; 1              ;
; state.st_reg_pll1          ; 0                ; 0            ; 0                 ; 0                 ; 0                 ; 0                 ; 0                 ; 0                 ; 0                 ; 0                 ; 0                          ; 0                     ; 0                 ; 0                 ; 0                 ; 0                 ; 0                 ; 0                 ; 0                 ; 0                  ; 0                  ; 0                  ; 0                  ; 0                 ; 0                 ; 0                 ; 1                 ; 0                 ; 0                 ; 0                 ; 0                 ; 0           ; 0              ; 0                ; 0             ; 0                 ; 0            ; 1              ;
; state.st_reg_pll2          ; 0                ; 0            ; 0                 ; 0                 ; 0                 ; 0                 ; 0                 ; 0                 ; 0                 ; 0                 ; 0                          ; 0                     ; 0                 ; 0                 ; 0                 ; 0                 ; 0                 ; 0                 ; 0                 ; 0                  ; 0                  ; 0                  ; 0                  ; 0                 ; 0                 ; 1                 ; 0                 ; 0                 ; 0                 ; 0                 ; 0                 ; 0           ; 0              ; 0                ; 0             ; 0                 ; 0            ; 1              ;
; state.st_com_pll1          ; 0                ; 0            ; 0                 ; 0                 ; 0                 ; 0                 ; 0                 ; 0                 ; 0                 ; 0                 ; 0                          ; 0                     ; 0                 ; 0                 ; 0                 ; 0                 ; 0                 ; 0                 ; 0                 ; 0                  ; 0                  ; 0                  ; 0                  ; 0                 ; 1                 ; 0                 ; 0                 ; 0                 ; 0                 ; 0                 ; 0                 ; 0           ; 0              ; 0                ; 0             ; 0                 ; 0            ; 1              ;
; state.st_com_pll2          ; 0                ; 0            ; 0                 ; 0                 ; 0                 ; 0                 ; 0                 ; 0                 ; 0                 ; 0                 ; 0                          ; 0                     ; 0                 ; 0                 ; 0                 ; 0                 ; 0                 ; 0                 ; 0                 ; 0                  ; 0                  ; 0                  ; 0                  ; 1                 ; 0                 ; 0                 ; 0                 ; 0                 ; 0                 ; 0                 ; 0                 ; 0           ; 0              ; 0                ; 0             ; 0                 ; 0            ; 1              ;
; state.st_reg_pll21         ; 0                ; 0            ; 0                 ; 0                 ; 0                 ; 0                 ; 0                 ; 0                 ; 0                 ; 0                 ; 0                          ; 0                     ; 0                 ; 0                 ; 0                 ; 0                 ; 0                 ; 0                 ; 0                 ; 0                  ; 0                  ; 0                  ; 1                  ; 0                 ; 0                 ; 0                 ; 0                 ; 0                 ; 0                 ; 0                 ; 0                 ; 0           ; 0              ; 0                ; 0             ; 0                 ; 0            ; 1              ;
; state.st_reg_pll22         ; 0                ; 0            ; 0                 ; 0                 ; 0                 ; 0                 ; 0                 ; 0                 ; 0                 ; 0                 ; 0                          ; 0                     ; 0                 ; 0                 ; 0                 ; 0                 ; 0                 ; 0                 ; 0                 ; 0                  ; 0                  ; 1                  ; 0                  ; 0                 ; 0                 ; 0                 ; 0                 ; 0                 ; 0                 ; 0                 ; 0                 ; 0           ; 0              ; 0                ; 0             ; 0                 ; 0            ; 1              ;
; state.st_com_pll21         ; 0                ; 0            ; 0                 ; 0                 ; 0                 ; 0                 ; 0                 ; 0                 ; 0                 ; 0                 ; 0                          ; 0                     ; 0                 ; 0                 ; 0                 ; 0                 ; 0                 ; 0                 ; 0                 ; 0                  ; 1                  ; 0                  ; 0                  ; 0                 ; 0                 ; 0                 ; 0                 ; 0                 ; 0                 ; 0                 ; 0                 ; 0           ; 0              ; 0                ; 0             ; 0                 ; 0            ; 1              ;
; state.st_com_pll22         ; 0                ; 0            ; 0                 ; 0                 ; 0                 ; 0                 ; 0                 ; 0                 ; 0                 ; 0                 ; 0                          ; 0                     ; 0                 ; 0                 ; 0                 ; 0                 ; 0                 ; 0                 ; 0                 ; 1                  ; 0                  ; 0                  ; 0                  ; 0                 ; 0                 ; 0                 ; 0                 ; 0                 ; 0                 ; 0                 ; 0                 ; 0           ; 0              ; 0                ; 0             ; 0                 ; 0            ; 1              ;
; state.st_reg_inf1          ; 0                ; 0            ; 0                 ; 0                 ; 0                 ; 0                 ; 0                 ; 0                 ; 0                 ; 0                 ; 0                          ; 0                     ; 0                 ; 0                 ; 0                 ; 0                 ; 0                 ; 0                 ; 1                 ; 0                  ; 0                  ; 0                  ; 0                  ; 0                 ; 0                 ; 0                 ; 0                 ; 0                 ; 0                 ; 0                 ; 0                 ; 0           ; 0              ; 0                ; 0             ; 0                 ; 0            ; 1              ;
; state.st_reg_inf2          ; 0                ; 0            ; 0                 ; 0                 ; 0                 ; 0                 ; 0                 ; 0                 ; 0                 ; 0                 ; 0                          ; 0                     ; 0                 ; 0                 ; 0                 ; 0                 ; 0                 ; 1                 ; 0                 ; 0                  ; 0                  ; 0                  ; 0                  ; 0                 ; 0                 ; 0                 ; 0                 ; 0                 ; 0                 ; 0                 ; 0                 ; 0           ; 0              ; 0                ; 0             ; 0                 ; 0            ; 1              ;
; state.st_com_inf1          ; 0                ; 0            ; 0                 ; 0                 ; 0                 ; 0                 ; 0                 ; 0                 ; 0                 ; 0                 ; 0                          ; 0                     ; 0                 ; 0                 ; 0                 ; 0                 ; 1                 ; 0                 ; 0                 ; 0                  ; 0                  ; 0                  ; 0                  ; 0                 ; 0                 ; 0                 ; 0                 ; 0                 ; 0                 ; 0                 ; 0                 ; 0           ; 0              ; 0                ; 0             ; 0                 ; 0            ; 1              ;
; state.st_com_inf2          ; 0                ; 0            ; 0                 ; 0                 ; 0                 ; 0                 ; 0                 ; 0                 ; 0                 ; 0                 ; 0                          ; 0                     ; 0                 ; 0                 ; 0                 ; 1                 ; 0                 ; 0                 ; 0                 ; 0                  ; 0                  ; 0                  ; 0                  ; 0                 ; 0                 ; 0                 ; 0                 ; 0                 ; 0                 ; 0                 ; 0                 ; 0           ; 0              ; 0                ; 0             ; 0                 ; 0            ; 1              ;
; state.st_blc_off1          ; 0                ; 0            ; 0                 ; 0                 ; 0                 ; 0                 ; 0                 ; 0                 ; 0                 ; 0                 ; 0                          ; 0                     ; 0                 ; 0                 ; 1                 ; 0                 ; 0                 ; 0                 ; 0                 ; 0                  ; 0                  ; 0                  ; 0                  ; 0                 ; 0                 ; 0                 ; 0                 ; 0                 ; 0                 ; 0                 ; 0                 ; 0           ; 0              ; 0                ; 0             ; 0                 ; 0            ; 1              ;
; state.st_blc_off2          ; 0                ; 0            ; 0                 ; 0                 ; 0                 ; 0                 ; 0                 ; 0                 ; 0                 ; 0                 ; 0                          ; 0                     ; 0                 ; 1                 ; 0                 ; 0                 ; 0                 ; 0                 ; 0                 ; 0                  ; 0                  ; 0                  ; 0                  ; 0                 ; 0                 ; 0                 ; 0                 ; 0                 ; 0                 ; 0                 ; 0                 ; 0           ; 0              ; 0                ; 0             ; 0                 ; 0            ; 1              ;
; state.st_blc_off3          ; 0                ; 0            ; 0                 ; 0                 ; 0                 ; 0                 ; 0                 ; 0                 ; 0                 ; 0                 ; 0                          ; 0                     ; 1                 ; 0                 ; 0                 ; 0                 ; 0                 ; 0                 ; 0                 ; 0                  ; 0                  ; 0                  ; 0                  ; 0                 ; 0                 ; 0                 ; 0                 ; 0                 ; 0                 ; 0                 ; 0                 ; 0           ; 0              ; 0                ; 0             ; 0                 ; 0            ; 1              ;
; state.st_test_pattern      ; 0                ; 0            ; 0                 ; 0                 ; 0                 ; 0                 ; 0                 ; 0                 ; 0                 ; 0                 ; 0                          ; 1                     ; 0                 ; 0                 ; 0                 ; 0                 ; 0                 ; 0                 ; 0                 ; 0                  ; 0                  ; 0                  ; 0                  ; 0                 ; 0                 ; 0                 ; 0                 ; 0                 ; 0                 ; 0                 ; 0                 ; 0           ; 0              ; 0                ; 0             ; 0                 ; 0            ; 1              ;
; state.st_test_pattern_data ; 0                ; 0            ; 0                 ; 0                 ; 0                 ; 0                 ; 0                 ; 0                 ; 0                 ; 0                 ; 1                          ; 0                     ; 0                 ; 0                 ; 0                 ; 0                 ; 0                 ; 0                 ; 0                 ; 0                  ; 0                  ; 0                  ; 0                  ; 0                 ; 0                 ; 0                 ; 0                 ; 0                 ; 0                 ; 0                 ; 0                 ; 0           ; 0              ; 0                ; 0             ; 0                 ; 0            ; 1              ;
; state.st_reg_lin1          ; 0                ; 0            ; 0                 ; 0                 ; 0                 ; 0                 ; 0                 ; 0                 ; 0                 ; 1                 ; 0                          ; 0                     ; 0                 ; 0                 ; 0                 ; 0                 ; 0                 ; 0                 ; 0                 ; 0                  ; 0                  ; 0                  ; 0                  ; 0                 ; 0                 ; 0                 ; 0                 ; 0                 ; 0                 ; 0                 ; 0                 ; 0           ; 0              ; 0                ; 0             ; 0                 ; 0            ; 1              ;
; state.st_reg_lin2          ; 0                ; 0            ; 0                 ; 0                 ; 0                 ; 0                 ; 0                 ; 0                 ; 1                 ; 0                 ; 0                          ; 0                     ; 0                 ; 0                 ; 0                 ; 0                 ; 0                 ; 0                 ; 0                 ; 0                  ; 0                  ; 0                  ; 0                  ; 0                 ; 0                 ; 0                 ; 0                 ; 0                 ; 0                 ; 0                 ; 0                 ; 0           ; 0              ; 0                ; 0             ; 0                 ; 0            ; 1              ;
; state.st_com_lin1          ; 0                ; 0            ; 0                 ; 0                 ; 0                 ; 0                 ; 0                 ; 1                 ; 0                 ; 0                 ; 0                          ; 0                     ; 0                 ; 0                 ; 0                 ; 0                 ; 0                 ; 0                 ; 0                 ; 0                  ; 0                  ; 0                  ; 0                  ; 0                 ; 0                 ; 0                 ; 0                 ; 0                 ; 0                 ; 0                 ; 0                 ; 0           ; 0              ; 0                ; 0             ; 0                 ; 0            ; 1              ;
; state.st_com_lin2          ; 0                ; 0            ; 0                 ; 0                 ; 0                 ; 0                 ; 1                 ; 0                 ; 0                 ; 0                 ; 0                          ; 0                     ; 0                 ; 0                 ; 0                 ; 0                 ; 0                 ; 0                 ; 0                 ; 0                  ; 0                  ; 0                  ; 0                  ; 0                 ; 0                 ; 0                 ; 0                 ; 0                 ; 0                 ; 0                 ; 0                 ; 0           ; 0              ; 0                ; 0             ; 0                 ; 0            ; 1              ;
; state.st_reg_col1          ; 0                ; 0            ; 0                 ; 0                 ; 0                 ; 1                 ; 0                 ; 0                 ; 0                 ; 0                 ; 0                          ; 0                     ; 0                 ; 0                 ; 0                 ; 0                 ; 0                 ; 0                 ; 0                 ; 0                  ; 0                  ; 0                  ; 0                  ; 0                 ; 0                 ; 0                 ; 0                 ; 0                 ; 0                 ; 0                 ; 0                 ; 0           ; 0              ; 0                ; 0             ; 0                 ; 0            ; 1              ;
; state.st_reg_col2          ; 0                ; 0            ; 0                 ; 0                 ; 1                 ; 0                 ; 0                 ; 0                 ; 0                 ; 0                 ; 0                          ; 0                     ; 0                 ; 0                 ; 0                 ; 0                 ; 0                 ; 0                 ; 0                 ; 0                  ; 0                  ; 0                  ; 0                  ; 0                 ; 0                 ; 0                 ; 0                 ; 0                 ; 0                 ; 0                 ; 0                 ; 0           ; 0              ; 0                ; 0             ; 0                 ; 0            ; 1              ;
; state.st_com_col1          ; 0                ; 0            ; 0                 ; 1                 ; 0                 ; 0                 ; 0                 ; 0                 ; 0                 ; 0                 ; 0                          ; 0                     ; 0                 ; 0                 ; 0                 ; 0                 ; 0                 ; 0                 ; 0                 ; 0                  ; 0                  ; 0                  ; 0                  ; 0                 ; 0                 ; 0                 ; 0                 ; 0                 ; 0                 ; 0                 ; 0                 ; 0           ; 0              ; 0                ; 0             ; 0                 ; 0            ; 1              ;
; state.st_com_col2          ; 0                ; 0            ; 1                 ; 0                 ; 0                 ; 0                 ; 0                 ; 0                 ; 0                 ; 0                 ; 0                          ; 0                     ; 0                 ; 0                 ; 0                 ; 0                 ; 0                 ; 0                 ; 0                 ; 0                  ; 0                  ; 0                  ; 0                  ; 0                 ; 0                 ; 0                 ; 0                 ; 0                 ; 0                 ; 0                 ; 0                 ; 0           ; 0              ; 0                ; 0             ; 0                 ; 0            ; 1              ;
; state.st_end               ; 0                ; 1            ; 0                 ; 0                 ; 0                 ; 0                 ; 0                 ; 0                 ; 0                 ; 0                 ; 0                          ; 0                     ; 0                 ; 0                 ; 0                 ; 0                 ; 0                 ; 0                 ; 0                 ; 0                  ; 0                  ; 0                  ; 0                  ; 0                 ; 0                 ; 0                 ; 0                 ; 0                 ; 0                 ; 0                 ; 0                 ; 0           ; 0              ; 0                ; 0             ; 0                 ; 0            ; 1              ;
; state.st_end_out           ; 1                ; 0            ; 0                 ; 0                 ; 0                 ; 0                 ; 0                 ; 0                 ; 0                 ; 0                 ; 0                          ; 0                     ; 0                 ; 0                 ; 0                 ; 0                 ; 0                 ; 0                 ; 0                 ; 0                  ; 0                  ; 0                  ; 0                  ; 0                 ; 0                 ; 0                 ; 0                 ; 0                 ; 0                 ; 0                 ; 0                 ; 0           ; 0              ; 0                ; 0             ; 0                 ; 0            ; 1              ;
+----------------------------+------------------+--------------+-------------------+-------------------+-------------------+-------------------+-------------------+-------------------+-------------------+-------------------+----------------------------+-----------------------+-------------------+-------------------+-------------------+-------------------+-------------------+-------------------+-------------------+--------------------+--------------------+--------------------+--------------------+-------------------+-------------------+-------------------+-------------------+-------------------+-------------------+-------------------+-------------------+-------------+----------------+------------------+---------------+-------------------+--------------+----------------+


+-----------------------------------------------------------------------------------------+
; Registers Removed During Synthesis                                                      ;
+----------------------------------------+------------------------------------------------+
; Register name                          ; Reason for Removal                             ;
+----------------------------------------+------------------------------------------------+
; frame_buffer:bank1|rd_addr_reg[19,20]  ; Stuck at GND due to stuck port data_in         ;
; frame_buffer:bank0|rd_addr_reg[19,20]  ; Stuck at GND due to stuck port data_in         ;
; frame_buffer:bank0|rd_addr_reg[0]      ; Merged with frame_buffer:bank1|rd_addr_reg[0]  ;
; frame_buffer:bank0|rd_addr_reg[1]      ; Merged with frame_buffer:bank1|rd_addr_reg[1]  ;
; frame_buffer:bank0|rd_addr_reg[2]      ; Merged with frame_buffer:bank1|rd_addr_reg[2]  ;
; frame_buffer:bank0|rd_addr_reg[3]      ; Merged with frame_buffer:bank1|rd_addr_reg[3]  ;
; frame_buffer:bank0|rd_addr_reg[4]      ; Merged with frame_buffer:bank1|rd_addr_reg[4]  ;
; frame_buffer:bank0|rd_addr_reg[5]      ; Merged with frame_buffer:bank1|rd_addr_reg[5]  ;
; frame_buffer:bank0|rd_addr_reg[6]      ; Merged with frame_buffer:bank1|rd_addr_reg[6]  ;
; frame_buffer:bank0|rd_addr_reg[7]      ; Merged with frame_buffer:bank1|rd_addr_reg[7]  ;
; frame_buffer:bank0|rd_addr_reg[8]      ; Merged with frame_buffer:bank1|rd_addr_reg[8]  ;
; frame_buffer:bank0|rd_addr_reg[9]      ; Merged with frame_buffer:bank1|rd_addr_reg[9]  ;
; frame_buffer:bank0|rd_addr_reg[10]     ; Merged with frame_buffer:bank1|rd_addr_reg[10] ;
; frame_buffer:bank0|rd_addr_reg[11]     ; Merged with frame_buffer:bank1|rd_addr_reg[11] ;
; frame_buffer:bank0|rd_addr_reg[12]     ; Merged with frame_buffer:bank1|rd_addr_reg[12] ;
; frame_buffer:bank0|rd_addr_reg[13]     ; Merged with frame_buffer:bank1|rd_addr_reg[13] ;
; frame_buffer:bank0|rd_addr_reg[14]     ; Merged with frame_buffer:bank1|rd_addr_reg[14] ;
; frame_buffer:bank0|rd_addr_reg[15]     ; Merged with frame_buffer:bank1|rd_addr_reg[15] ;
; frame_buffer:bank0|rd_addr_reg[16]     ; Merged with frame_buffer:bank1|rd_addr_reg[16] ;
; frame_buffer:bank0|rd_addr_reg[17]     ; Merged with frame_buffer:bank1|rd_addr_reg[17] ;
; frame_buffer:bank0|rd_addr_reg[18]     ; Merged with frame_buffer:bank1|rd_addr_reg[18] ;
; camer:cam_inst|next_state.st_end_out   ; Merged with camer:cam_inst|next_state.st_ask   ;
; camer:cam_inst|next_state.st_id        ; Merged with camer:cam_inst|next_state.st_ask   ;
; camer:cam_inst|next_state.st_reg_pll1  ; Merged with camer:cam_inst|next_state.st_ask   ;
; camer:cam_inst|next_state.st_start     ; Merged with camer:cam_inst|next_state.st_ask   ;
; camer:cam_inst|next_state.st_transfer  ; Merged with camer:cam_inst|next_state.st_ask   ;
; camer:cam_inst|next_state.st_wait      ; Merged with camer:cam_inst|next_state.st_ask   ;
; camer:cam_inst|prev_state.st_com_res2  ; Merged with camer:cam_inst|prev_state.st_ask   ;
; camer:cam_inst|prev_state.st_end       ; Merged with camer:cam_inst|prev_state.st_ask   ;
; camer:cam_inst|prev_state.st_end_out   ; Merged with camer:cam_inst|prev_state.st_ask   ;
; camer:cam_inst|prev_state.st_loading   ; Merged with camer:cam_inst|prev_state.st_ask   ;
; camer:cam_inst|prev_state.st_transfer  ; Merged with camer:cam_inst|prev_state.st_ask   ;
; camer:cam_inst|prev_state.st_wait      ; Merged with camer:cam_inst|prev_state.st_ask   ;
; camer:cam_inst|next_state.st_ask       ; Stuck at GND due to stuck port data_in         ;
; camer:cam_inst|prev_state.st_ask       ; Stuck at GND due to stuck port data_in         ;
; Total Number of Removed Registers = 37 ;                                                ;
+----------------------------------------+------------------------------------------------+


+------------------------------------------------------+
; General Register Statistics                          ;
+----------------------------------------------+-------+
; Statistic                                    ; Value ;
+----------------------------------------------+-------+
; Total registers                              ; 1292  ;
; Number of registers using Synchronous Clear  ; 92    ;
; Number of registers using Synchronous Load   ; 122   ;
; Number of registers using Asynchronous Clear ; 616   ;
; Number of registers using Asynchronous Load  ; 0     ;
; Number of registers using Clock Enable       ; 724   ;
; Number of registers using Preset             ; 0     ;
+----------------------------------------------+-------+


+-------------------------------------------------------------------------------------------------------------------------------------------------------------------------------------------------------------------------------------------------------------------------------------------------------------------------------------------+
; Inverted Register Statistics                                                                                                                                                                                                                                                                                                              ;
+---------------------------------------------------------------------------------------------------------------------------------------------------------------------------------------------------------------------------------------------------------------------------------------------------------------------------------+---------+
; Inverted Register                                                                                                                                                                                                                                                                                                               ; Fan out ;
+---------------------------------------------------------------------------------------------------------------------------------------------------------------------------------------------------------------------------------------------------------------------------------------------------------------------------------+---------+
; camer:cam_inst|sdata_out                                                                                                                                                                                                                                                                                                        ; 2       ;
; camer:cam_inst|sdata_oe                                                                                                                                                                                                                                                                                                         ; 2       ;
; sld_hub:auto_hub|alt_sld_fab_with_jtag_input:\instrumentation_fabric_with_node_gen:fabric_gen_new_way:with_jtag_input_gen:instrumentation_fabric|alt_sld_fab:instrumentation_fabric|alt_sld_fab_alt_sld_fab:alt_sld_fab|alt_sld_fab_alt_sld_fab_sldfabric:sldfabric|sld_jtag_hub:\jtag_hub_gen:real_sld_jtag_hub|jtag_ir_reg[2] ; 2       ;
; sld_hub:auto_hub|alt_sld_fab_with_jtag_input:\instrumentation_fabric_with_node_gen:fabric_gen_new_way:with_jtag_input_gen:instrumentation_fabric|alt_sld_fab:instrumentation_fabric|alt_sld_fab_alt_sld_fab:alt_sld_fab|alt_sld_fab_alt_sld_fab_sldfabric:sldfabric|sld_jtag_hub:\jtag_hub_gen:real_sld_jtag_hub|jtag_ir_reg[1] ; 3       ;
; sld_signaltap:camera|sld_signaltap_impl:sld_signaltap_body|sld_signaltap_implb:sld_signaltap_body|sld_buffer_manager:sld_buffer_manager_inst|modified_post_count[1]                                                                                                                                                             ; 1       ;
; sld_signaltap:camera|sld_signaltap_impl:sld_signaltap_body|sld_signaltap_implb:sld_signaltap_body|sld_buffer_manager:sld_buffer_manager_inst|modified_post_count[2]                                                                                                                                                             ; 1       ;
; sld_signaltap:camera|sld_signaltap_impl:sld_signaltap_body|sld_signaltap_implb:sld_signaltap_body|sld_buffer_manager:sld_buffer_manager_inst|modified_post_count[3]                                                                                                                                                             ; 1       ;
; sld_signaltap:camera|sld_signaltap_impl:sld_signaltap_body|sld_signaltap_implb:sld_signaltap_body|sld_buffer_manager:sld_buffer_manager_inst|modified_post_count[4]                                                                                                                                                             ; 1       ;
; sld_signaltap:camera|sld_signaltap_impl:sld_signaltap_body|sld_signaltap_implb:sld_signaltap_body|sld_buffer_manager:sld_buffer_manager_inst|modified_post_count[5]                                                                                                                                                             ; 1       ;
; sld_signaltap:camera|sld_signaltap_impl:sld_signaltap_body|sld_signaltap_implb:sld_signaltap_body|sld_buffer_manager:sld_buffer_manager_inst|modified_post_count[6]                                                                                                                                                             ; 1       ;
; sld_signaltap:camera|sld_signaltap_impl:sld_signaltap_body|sld_signaltap_implb:sld_signaltap_body|sld_buffer_manager:sld_buffer_manager_inst|modified_post_count[7]                                                                                                                                                             ; 1       ;
; sld_signaltap:camera|sld_signaltap_impl:sld_signaltap_body|sld_signaltap_implb:sld_signaltap_body|sld_buffer_manager:sld_buffer_manager_inst|modified_post_count[8]                                                                                                                                                             ; 1       ;
; sld_signaltap:camera|sld_signaltap_impl:sld_signaltap_body|sld_signaltap_implb:sld_signaltap_body|sld_buffer_manager:sld_buffer_manager_inst|modified_post_count[9]                                                                                                                                                             ; 1       ;
; sld_signaltap:camera|sld_signaltap_impl:sld_signaltap_body|sld_signaltap_implb:sld_signaltap_body|sld_buffer_manager:sld_buffer_manager_inst|modified_post_count[10]                                                                                                                                                            ; 1       ;
; sld_signaltap:camera|sld_signaltap_impl:sld_signaltap_body|sld_signaltap_implb:sld_signaltap_body|sld_buffer_manager:sld_buffer_manager_inst|modified_post_count[11]                                                                                                                                                            ; 1       ;
; sld_signaltap:camera|sld_signaltap_impl:sld_signaltap_body|sld_signaltap_implb:sld_signaltap_body|sld_buffer_manager:sld_buffer_manager_inst|modified_post_count[12]                                                                                                                                                            ; 1       ;
; sld_signaltap:camera|sld_signaltap_impl:sld_signaltap_body|sld_signaltap_implb:sld_signaltap_body|sld_buffer_manager:sld_buffer_manager_inst|modified_post_count[13]                                                                                                                                                            ; 1       ;
; sld_signaltap:camera|sld_signaltap_impl:sld_signaltap_body|sld_signaltap_implb:sld_signaltap_body|sld_buffer_manager:sld_buffer_manager_inst|modified_post_count[14]                                                                                                                                                            ; 1       ;
; sld_signaltap:camera|sld_signaltap_impl:sld_signaltap_body|sld_signaltap_implb:sld_signaltap_body|sld_buffer_manager:sld_buffer_manager_inst|modified_post_count[15]                                                                                                                                                            ; 1       ;
; sld_signaltap:camera|sld_signaltap_impl:sld_signaltap_body|sld_signaltap_implb:sld_signaltap_body|sld_buffer_manager:sld_buffer_manager_inst|modified_post_count[16]                                                                                                                                                            ; 1       ;
; sld_signaltap:camera|sld_signaltap_impl:sld_signaltap_body|sld_signaltap_implb:sld_signaltap_body|sld_buffer_manager:sld_buffer_manager_inst|modified_post_count[0]                                                                                                                                                             ; 1       ;
; Total number of inverted registers = 21                                                                                                                                                                                                                                                                                         ;         ;
+---------------------------------------------------------------------------------------------------------------------------------------------------------------------------------------------------------------------------------------------------------------------------------------------------------------------------------+---------+


+-----------------------------------------------------------------------------+
; Registers Packed Into Inferred Megafunctions                                ;
+---------------------------------------+------------------------------+------+
; Register Name                         ; Megafunction                 ; Type ;
+---------------------------------------+------------------------------+------+
; frame_buffer:bank1|rd_addr_reg[0..18] ; frame_buffer:bank0|ram_rtl_0 ; RAM  ;
+---------------------------------------+------------------------------+------+


+--------------------------------------------------------------------------+
; Registers Added for RAM Pass-Through Logic                               ;
+------------------------------------------+-------------------------------+
; Register Name                            ; RAM Name                      ;
+------------------------------------------+-------------------------------+
; camer:cam_inst|line_mem_rtl_0_bypass[0]  ; camer:cam_inst|line_mem_rtl_0 ;
; camer:cam_inst|line_mem_rtl_0_bypass[1]  ; camer:cam_inst|line_mem_rtl_0 ;
; camer:cam_inst|line_mem_rtl_0_bypass[2]  ; camer:cam_inst|line_mem_rtl_0 ;
; camer:cam_inst|line_mem_rtl_0_bypass[3]  ; camer:cam_inst|line_mem_rtl_0 ;
; camer:cam_inst|line_mem_rtl_0_bypass[4]  ; camer:cam_inst|line_mem_rtl_0 ;
; camer:cam_inst|line_mem_rtl_0_bypass[5]  ; camer:cam_inst|line_mem_rtl_0 ;
; camer:cam_inst|line_mem_rtl_0_bypass[6]  ; camer:cam_inst|line_mem_rtl_0 ;
; camer:cam_inst|line_mem_rtl_0_bypass[7]  ; camer:cam_inst|line_mem_rtl_0 ;
; camer:cam_inst|line_mem_rtl_0_bypass[8]  ; camer:cam_inst|line_mem_rtl_0 ;
; camer:cam_inst|line_mem_rtl_0_bypass[9]  ; camer:cam_inst|line_mem_rtl_0 ;
; camer:cam_inst|line_mem_rtl_0_bypass[10] ; camer:cam_inst|line_mem_rtl_0 ;
; camer:cam_inst|line_mem_rtl_0_bypass[11] ; camer:cam_inst|line_mem_rtl_0 ;
; camer:cam_inst|line_mem_rtl_0_bypass[12] ; camer:cam_inst|line_mem_rtl_0 ;
; camer:cam_inst|line_mem_rtl_0_bypass[13] ; camer:cam_inst|line_mem_rtl_0 ;
; camer:cam_inst|line_mem_rtl_0_bypass[14] ; camer:cam_inst|line_mem_rtl_0 ;
; camer:cam_inst|line_mem_rtl_0_bypass[15] ; camer:cam_inst|line_mem_rtl_0 ;
; camer:cam_inst|line_mem_rtl_0_bypass[16] ; camer:cam_inst|line_mem_rtl_0 ;
; camer:cam_inst|line_mem_rtl_0_bypass[17] ; camer:cam_inst|line_mem_rtl_0 ;
; camer:cam_inst|line_mem_rtl_0_bypass[18] ; camer:cam_inst|line_mem_rtl_0 ;
; camer:cam_inst|line_mem_rtl_0_bypass[19] ; camer:cam_inst|line_mem_rtl_0 ;
; camer:cam_inst|line_mem_rtl_0_bypass[20] ; camer:cam_inst|line_mem_rtl_0 ;
; camer:cam_inst|line_mem_rtl_0_bypass[21] ; camer:cam_inst|line_mem_rtl_0 ;
; camer:cam_inst|line_mem_rtl_0_bypass[22] ; camer:cam_inst|line_mem_rtl_0 ;
; camer:cam_inst|line_mem_rtl_0_bypass[23] ; camer:cam_inst|line_mem_rtl_0 ;
; camer:cam_inst|line_mem_rtl_0_bypass[24] ; camer:cam_inst|line_mem_rtl_0 ;
; camer:cam_inst|line_mem_rtl_0_bypass[25] ; camer:cam_inst|line_mem_rtl_0 ;
; camer:cam_inst|line_mem_rtl_0_bypass[26] ; camer:cam_inst|line_mem_rtl_0 ;
; camer:cam_inst|line_mem_rtl_0_bypass[27] ; camer:cam_inst|line_mem_rtl_0 ;
; camer:cam_inst|line_mem_rtl_0_bypass[28] ; camer:cam_inst|line_mem_rtl_0 ;
; camer:cam_inst|line_mem_rtl_0_bypass[29] ; camer:cam_inst|line_mem_rtl_0 ;
; camer:cam_inst|line_mem_rtl_0_bypass[30] ; camer:cam_inst|line_mem_rtl_0 ;
; camer:cam_inst|line_mem_rtl_0_bypass[31] ; camer:cam_inst|line_mem_rtl_0 ;
; camer:cam_inst|line_mem_rtl_0_bypass[32] ; camer:cam_inst|line_mem_rtl_0 ;
; camer:cam_inst|line_mem_rtl_0_bypass[33] ; camer:cam_inst|line_mem_rtl_0 ;
; camer:cam_inst|line_mem_rtl_0_bypass[34] ; camer:cam_inst|line_mem_rtl_0 ;
+------------------------------------------+-------------------------------+


+-------------------------------------------------------------------------------------------------------------------------------------------------------------------------+
; Multiplexer Restructuring Statistics (Restructuring Performed)                                                                                                          ;
+--------------------+-----------+---------------+----------------------+------------------------+------------+-----------------------------------------------------------+
; Multiplexer Inputs ; Bus Width ; Baseline Area ; Area if Restructured ; Saving if Restructured ; Registered ; Example Multiplexer Output                                ;
+--------------------+-----------+---------------+----------------------+------------------------+------------+-----------------------------------------------------------+
; 3:1                ; 19 bits   ; 38 LEs        ; 19 LEs               ; 19 LEs                 ; Yes        ; |top_project|wr_addr_cnt[12]                              ;
; 3:1                ; 10 bits   ; 20 LEs        ; 10 LEs               ; 10 LEs                 ; Yes        ; |top_project|top_vga:vga_inst|vga_sync:sync_inst|h_cnt[1] ;
; 3:1                ; 11 bits   ; 22 LEs        ; 11 LEs               ; 11 LEs                 ; Yes        ; |top_project|camer:cam_inst|v_cnt[5]                      ;
; 3:1                ; 12 bits   ; 24 LEs        ; 24 LEs               ; 0 LEs                  ; Yes        ; |top_project|camer:cam_inst|Green_reg[9]                  ;
; 4:1                ; 10 bits   ; 20 LEs        ; 10 LEs               ; 10 LEs                 ; Yes        ; |top_project|top_vga:vga_inst|vga_sync:sync_inst|v_cnt[7] ;
; 4:1                ; 11 bits   ; 22 LEs        ; 11 LEs               ; 11 LEs                 ; Yes        ; |top_project|camer:cam_inst|h_cnt[6]                      ;
; 5:1                ; 11 bits   ; 33 LEs        ; 22 LEs               ; 11 LEs                 ; No         ; |top_project|camer:cam_inst|wr_addr                       ;
; 13:1               ; 35 bits   ; 280 LEs       ; 140 LEs              ; 140 LEs                ; No         ; |top_project|camer:cam_inst|state                         ;
+--------------------+-----------+---------------+----------------------+------------------------+------------+-----------------------------------------------------------+


+---------------------------------------------+
; Source assignments for sld_signaltap:camera ;
+-----------------+-------+------+------------+
; Assignment      ; Value ; From ; To         ;
+-----------------+-------+------+------------+
; MESSAGE_DISABLE ; 13410 ; -    ; -          ;
+-----------------+-------+------+------------+


+-----------------------------------------------------------------------------------------------+
; Source assignments for frame_buffer:bank1|altsyncram:ram_rtl_0|altsyncram_39f1:auto_generated ;
+---------------------------------+--------------------+------+---------------------------------+
; Assignment                      ; Value              ; From ; To                              ;
+---------------------------------+--------------------+------+---------------------------------+
; OPTIMIZE_POWER_DURING_SYNTHESIS ; NORMAL_COMPILATION ; -    ; -                               ;
+---------------------------------+--------------------+------+---------------------------------+


+-----------------------------------------------------------------------------------------------+
; Source assignments for frame_buffer:bank0|altsyncram:ram_rtl_0|altsyncram_39f1:auto_generated ;
+---------------------------------+--------------------+------+---------------------------------+
; Assignment                      ; Value              ; From ; To                              ;
+---------------------------------+--------------------+------+---------------------------------+
; OPTIMIZE_POWER_DURING_SYNTHESIS ; NORMAL_COMPILATION ; -    ; -                               ;
+---------------------------------+--------------------+------+---------------------------------+


+------------------------------------------------------------------------------------------------+
; Source assignments for camer:cam_inst|altsyncram:line_mem_rtl_0|altsyncram_k5h1:auto_generated ;
+---------------------------------+--------------------+------+----------------------------------+
; Assignment                      ; Value              ; From ; To                               ;
+---------------------------------+--------------------+------+----------------------------------+
; OPTIMIZE_POWER_DURING_SYNTHESIS ; NORMAL_COMPILATION ; -    ; -                                ;
+---------------------------------+--------------------+------+----------------------------------+


+-----------------------------------------------------------------------------+
; Parameter Settings for User Entity Instance: Top-level Entity: |top_project ;
+----------------+-------+----------------------------------------------------+
; Parameter Name ; Value ; Type                                               ;
+----------------+-------+----------------------------------------------------+
; H_VISIBLE      ; 1280  ; Signed Integer                                     ;
; V_VISIBLE      ; 960   ; Signed Integer                                     ;
+----------------+-------+----------------------------------------------------+
Note: In order to hide this table in the UI and the text report file, please set the "Show Parameter Settings in Synthesis Report" option in "Analysis and Synthesis Settings -> More Settings" to "Off".


+-----------------------------------------------------------------+
; Parameter Settings for User Entity Instance: frame_buffer:bank0 ;
+----------------+-------+----------------------------------------+
; Parameter Name ; Value ; Type                                   ;
+----------------+-------+----------------------------------------+
; h_res          ; 1280  ; Signed Integer                         ;
; v_res          ; 960   ; Signed Integer                         ;
; pixel_width    ; 1     ; Signed Integer                         ;
+----------------+-------+----------------------------------------+
Note: In order to hide this table in the UI and the text report file, please set the "Show Parameter Settings in Synthesis Report" option in "Analysis and Synthesis Settings -> More Settings" to "Off".


+-----------------------------------------------------------------+
; Parameter Settings for User Entity Instance: frame_buffer:bank1 ;
+----------------+-------+----------------------------------------+
; Parameter Name ; Value ; Type                                   ;
+----------------+-------+----------------------------------------+
; h_res          ; 1280  ; Signed Integer                         ;
; v_res          ; 960   ; Signed Integer                         ;
; pixel_width    ; 1     ; Signed Integer                         ;
+----------------+-------+----------------------------------------+
Note: In order to hide this table in the UI and the text report file, please set the "Show Parameter Settings in Synthesis Report" option in "Analysis and Synthesis Settings -> More Settings" to "Off".


+----------------------------------------------------------------------------------+
; Parameter Settings for User Entity Instance: top_vga:vga_inst|vga_sync:sync_inst ;
+----------------+-------+---------------------------------------------------------+
; Parameter Name ; Value ; Type                                                    ;
+----------------+-------+---------------------------------------------------------+
; h_sync         ; 96    ; Signed Integer                                          ;
; h_back         ; 48    ; Signed Integer                                          ;
; h_visible      ; 640   ; Signed Integer                                          ;
; h_front        ; 16    ; Signed Integer                                          ;
; v_sync         ; 2     ; Signed Integer                                          ;
; v_back         ; 33    ; Signed Integer                                          ;
; v_visible      ; 480   ; Signed Integer                                          ;
; v_front        ; 10    ; Signed Integer                                          ;
+----------------+-------+---------------------------------------------------------+
Note: In order to hide this table in the UI and the text report file, please set the "Show Parameter Settings in Synthesis Report" option in "Analysis and Synthesis Settings -> More Settings" to "Off".


+-----------------------------------------------------------------------------------+
; Parameter Settings for User Entity Instance: top_vga:vga_inst|vga_output:out_inst ;
+----------------+-------+----------------------------------------------------------+
; Parameter Name ; Value ; Type                                                     ;
+----------------+-------+----------------------------------------------------------+
; pixel_width    ; 1     ; Signed Integer                                           ;
; addr_width     ; 19    ; Signed Integer                                           ;
; h_res          ; 640   ; Signed Integer                                           ;
; v_res          ; 480   ; Signed Integer                                           ;
; test_mode      ; false ; Enumerated                                               ;
+----------------+-------+----------------------------------------------------------+
Note: In order to hide this table in the UI and the text report file, please set the "Show Parameter Settings in Synthesis Report" option in "Analysis and Synthesis Settings -> More Settings" to "Off".


+-------------------------------------------------------------+
; Parameter Settings for User Entity Instance: camer:cam_inst ;
+----------------+-------+------------------------------------+
; Parameter Name ; Value ; Type                               ;
+----------------+-------+------------------------------------+
; line_scale     ; 1280  ; Signed Integer                     ;
; column_scale   ; 960   ; Signed Integer                     ;
; clk_devide     ; 2000  ; Signed Integer                     ;
+----------------+-------+------------------------------------+
Note: In order to hide this table in the UI and the text report file, please set the "Show Parameter Settings in Synthesis Report" option in "Analysis and Synthesis Settings -> More Settings" to "Off".


+-------------------------------------------------------------------------------------------+
; Parameter Settings for User Entity Instance: PLL_CAM:PLL_CAM_inst|altpll:altpll_component ;
+-------------------------------+---------------------------+-------------------------------+
; Parameter Name                ; Value                     ; Type                          ;
+-------------------------------+---------------------------+-------------------------------+
; OPERATION_MODE                ; NORMAL                    ; Untyped                       ;
; PLL_TYPE                      ; AUTO                      ; Untyped                       ;
; LPM_HINT                      ; CBX_MODULE_PREFIX=PLL_CAM ; Untyped                       ;
; QUALIFY_CONF_DONE             ; OFF                       ; Untyped                       ;
; COMPENSATE_CLOCK              ; CLK0                      ; Untyped                       ;
; SCAN_CHAIN                    ; LONG                      ; Untyped                       ;
; PRIMARY_CLOCK                 ; INCLK0                    ; Untyped                       ;
; INCLK0_INPUT_FREQUENCY        ; 20000                     ; Signed Integer                ;
; INCLK1_INPUT_FREQUENCY        ; 0                         ; Untyped                       ;
; GATE_LOCK_SIGNAL              ; NO                        ; Untyped                       ;
; GATE_LOCK_COUNTER             ; 0                         ; Untyped                       ;
; LOCK_HIGH                     ; 1                         ; Untyped                       ;
; LOCK_LOW                      ; 1                         ; Untyped                       ;
; VALID_LOCK_MULTIPLIER         ; 1                         ; Untyped                       ;
; INVALID_LOCK_MULTIPLIER       ; 5                         ; Untyped                       ;
; SWITCH_OVER_ON_LOSSCLK        ; OFF                       ; Untyped                       ;
; SWITCH_OVER_ON_GATED_LOCK     ; OFF                       ; Untyped                       ;
; ENABLE_SWITCH_OVER_COUNTER    ; OFF                       ; Untyped                       ;
; SKIP_VCO                      ; OFF                       ; Untyped                       ;
; SWITCH_OVER_COUNTER           ; 0                         ; Untyped                       ;
; SWITCH_OVER_TYPE              ; AUTO                      ; Untyped                       ;
; FEEDBACK_SOURCE               ; EXTCLK0                   ; Untyped                       ;
; BANDWIDTH                     ; 0                         ; Untyped                       ;
; BANDWIDTH_TYPE                ; AUTO                      ; Untyped                       ;
; SPREAD_FREQUENCY              ; 0                         ; Untyped                       ;
; DOWN_SPREAD                   ; 0                         ; Untyped                       ;
; SELF_RESET_ON_GATED_LOSS_LOCK ; OFF                       ; Untyped                       ;
; SELF_RESET_ON_LOSS_LOCK       ; OFF                       ; Untyped                       ;
; CLK9_MULTIPLY_BY              ; 0                         ; Untyped                       ;
; CLK8_MULTIPLY_BY              ; 0                         ; Untyped                       ;
; CLK7_MULTIPLY_BY              ; 0                         ; Untyped                       ;
; CLK6_MULTIPLY_BY              ; 0                         ; Untyped                       ;
; CLK5_MULTIPLY_BY              ; 1                         ; Untyped                       ;
; CLK4_MULTIPLY_BY              ; 1                         ; Untyped                       ;
; CLK3_MULTIPLY_BY              ; 1                         ; Untyped                       ;
; CLK2_MULTIPLY_BY              ; 1                         ; Untyped                       ;
; CLK1_MULTIPLY_BY              ; 48                        ; Signed Integer                ;
; CLK0_MULTIPLY_BY              ; 12                        ; Signed Integer                ;
; CLK9_DIVIDE_BY                ; 0                         ; Untyped                       ;
; CLK8_DIVIDE_BY                ; 0                         ; Untyped                       ;
; CLK7_DIVIDE_BY                ; 0                         ; Untyped                       ;
; CLK6_DIVIDE_BY                ; 0                         ; Untyped                       ;
; CLK5_DIVIDE_BY                ; 1                         ; Untyped                       ;
; CLK4_DIVIDE_BY                ; 1                         ; Untyped                       ;
; CLK3_DIVIDE_BY                ; 1                         ; Untyped                       ;
; CLK2_DIVIDE_BY                ; 1                         ; Untyped                       ;
; CLK1_DIVIDE_BY                ; 25                        ; Signed Integer                ;
; CLK0_DIVIDE_BY                ; 25                        ; Signed Integer                ;
; CLK9_PHASE_SHIFT              ; 0                         ; Untyped                       ;
; CLK8_PHASE_SHIFT              ; 0                         ; Untyped                       ;
; CLK7_PHASE_SHIFT              ; 0                         ; Untyped                       ;
; CLK6_PHASE_SHIFT              ; 0                         ; Untyped                       ;
; CLK5_PHASE_SHIFT              ; 0                         ; Untyped                       ;
; CLK4_PHASE_SHIFT              ; 0                         ; Untyped                       ;
; CLK3_PHASE_SHIFT              ; 0                         ; Untyped                       ;
; CLK2_PHASE_SHIFT              ; 0                         ; Untyped                       ;
; CLK1_PHASE_SHIFT              ; 0                         ; Untyped                       ;
; CLK0_PHASE_SHIFT              ; 0                         ; Untyped                       ;
; CLK5_TIME_DELAY               ; 0                         ; Untyped                       ;
; CLK4_TIME_DELAY               ; 0                         ; Untyped                       ;
; CLK3_TIME_DELAY               ; 0                         ; Untyped                       ;
; CLK2_TIME_DELAY               ; 0                         ; Untyped                       ;
; CLK1_TIME_DELAY               ; 0                         ; Untyped                       ;
; CLK0_TIME_DELAY               ; 0                         ; Untyped                       ;
; CLK9_DUTY_CYCLE               ; 50                        ; Untyped                       ;
; CLK8_DUTY_CYCLE               ; 50                        ; Untyped                       ;
; CLK7_DUTY_CYCLE               ; 50                        ; Untyped                       ;
; CLK6_DUTY_CYCLE               ; 50                        ; Untyped                       ;
; CLK5_DUTY_CYCLE               ; 50                        ; Untyped                       ;
; CLK4_DUTY_CYCLE               ; 50                        ; Untyped                       ;
; CLK3_DUTY_CYCLE               ; 50                        ; Untyped                       ;
; CLK2_DUTY_CYCLE               ; 50                        ; Untyped                       ;
; CLK1_DUTY_CYCLE               ; 50                        ; Signed Integer                ;
; CLK0_DUTY_CYCLE               ; 50                        ; Signed Integer                ;
; CLK9_USE_EVEN_COUNTER_MODE    ; OFF                       ; Untyped                       ;
; CLK8_USE_EVEN_COUNTER_MODE    ; OFF                       ; Untyped                       ;
; CLK7_USE_EVEN_COUNTER_MODE    ; OFF                       ; Untyped                       ;
; CLK6_USE_EVEN_COUNTER_MODE    ; OFF                       ; Untyped                       ;
; CLK5_USE_EVEN_COUNTER_MODE    ; OFF                       ; Untyped                       ;
; CLK4_USE_EVEN_COUNTER_MODE    ; OFF                       ; Untyped                       ;
; CLK3_USE_EVEN_COUNTER_MODE    ; OFF                       ; Untyped                       ;
; CLK2_USE_EVEN_COUNTER_MODE    ; OFF                       ; Untyped                       ;
; CLK1_USE_EVEN_COUNTER_MODE    ; OFF                       ; Untyped                       ;
; CLK0_USE_EVEN_COUNTER_MODE    ; OFF                       ; Untyped                       ;
; CLK9_USE_EVEN_COUNTER_VALUE   ; OFF                       ; Untyped                       ;
; CLK8_USE_EVEN_COUNTER_VALUE   ; OFF                       ; Untyped                       ;
; CLK7_USE_EVEN_COUNTER_VALUE   ; OFF                       ; Untyped                       ;
; CLK6_USE_EVEN_COUNTER_VALUE   ; OFF                       ; Untyped                       ;
; CLK5_USE_EVEN_COUNTER_VALUE   ; OFF                       ; Untyped                       ;
; CLK4_USE_EVEN_COUNTER_VALUE   ; OFF                       ; Untyped                       ;
; CLK3_USE_EVEN_COUNTER_VALUE   ; OFF                       ; Untyped                       ;
; CLK2_USE_EVEN_COUNTER_VALUE   ; OFF                       ; Untyped                       ;
; CLK1_USE_EVEN_COUNTER_VALUE   ; OFF                       ; Untyped                       ;
; CLK0_USE_EVEN_COUNTER_VALUE   ; OFF                       ; Untyped                       ;
; LOCK_WINDOW_UI                ;  0.05                     ; Untyped                       ;
; LOCK_WINDOW_UI_BITS           ; UNUSED                    ; Untyped                       ;
; VCO_RANGE_DETECTOR_LOW_BITS   ; UNUSED                    ; Untyped                       ;
; VCO_RANGE_DETECTOR_HIGH_BITS  ; UNUSED                    ; Untyped                       ;
; DPA_MULTIPLY_BY               ; 0                         ; Untyped                       ;
; DPA_DIVIDE_BY                 ; 1                         ; Untyped                       ;
; DPA_DIVIDER                   ; 0                         ; Untyped                       ;
; EXTCLK3_MULTIPLY_BY           ; 1                         ; Untyped                       ;
; EXTCLK2_MULTIPLY_BY           ; 1                         ; Untyped                       ;
; EXTCLK1_MULTIPLY_BY           ; 1                         ; Untyped                       ;
; EXTCLK0_MULTIPLY_BY           ; 1                         ; Untyped                       ;
; EXTCLK3_DIVIDE_BY             ; 1                         ; Untyped                       ;
; EXTCLK2_DIVIDE_BY             ; 1                         ; Untyped                       ;
; EXTCLK1_DIVIDE_BY             ; 1                         ; Untyped                       ;
; EXTCLK0_DIVIDE_BY             ; 1                         ; Untyped                       ;
; EXTCLK3_PHASE_SHIFT           ; 0                         ; Untyped                       ;
; EXTCLK2_PHASE_SHIFT           ; 0                         ; Untyped                       ;
; EXTCLK1_PHASE_SHIFT           ; 0                         ; Untyped                       ;
; EXTCLK0_PHASE_SHIFT           ; 0                         ; Untyped                       ;
; EXTCLK3_TIME_DELAY            ; 0                         ; Untyped                       ;
; EXTCLK2_TIME_DELAY            ; 0                         ; Untyped                       ;
; EXTCLK1_TIME_DELAY            ; 0                         ; Untyped                       ;
; EXTCLK0_TIME_DELAY            ; 0                         ; Untyped                       ;
; EXTCLK3_DUTY_CYCLE            ; 50                        ; Untyped                       ;
; EXTCLK2_DUTY_CYCLE            ; 50                        ; Untyped                       ;
; EXTCLK1_DUTY_CYCLE            ; 50                        ; Untyped                       ;
; EXTCLK0_DUTY_CYCLE            ; 50                        ; Untyped                       ;
; VCO_MULTIPLY_BY               ; 0                         ; Untyped                       ;
; VCO_DIVIDE_BY                 ; 0                         ; Untyped                       ;
; SCLKOUT0_PHASE_SHIFT          ; 0                         ; Untyped                       ;
; SCLKOUT1_PHASE_SHIFT          ; 0                         ; Untyped                       ;
; VCO_MIN                       ; 0                         ; Untyped                       ;
; VCO_MAX                       ; 0                         ; Untyped                       ;
; VCO_CENTER                    ; 0                         ; Untyped                       ;
; PFD_MIN                       ; 0                         ; Untyped                       ;
; PFD_MAX                       ; 0                         ; Untyped                       ;
; M_INITIAL                     ; 0                         ; Untyped                       ;
; M                             ; 0                         ; Untyped                       ;
; N                             ; 1                         ; Untyped                       ;
; M2                            ; 1                         ; Untyped                       ;
; N2                            ; 1                         ; Untyped                       ;
; SS                            ; 1                         ; Untyped                       ;
; C0_HIGH                       ; 0                         ; Untyped                       ;
; C1_HIGH                       ; 0                         ; Untyped                       ;
; C2_HIGH                       ; 0                         ; Untyped                       ;
; C3_HIGH                       ; 0                         ; Untyped                       ;
; C4_HIGH                       ; 0                         ; Untyped                       ;
; C5_HIGH                       ; 0                         ; Untyped                       ;
; C6_HIGH                       ; 0                         ; Untyped                       ;
; C7_HIGH                       ; 0                         ; Untyped                       ;
; C8_HIGH                       ; 0                         ; Untyped                       ;
; C9_HIGH                       ; 0                         ; Untyped                       ;
; C0_LOW                        ; 0                         ; Untyped                       ;
; C1_LOW                        ; 0                         ; Untyped                       ;
; C2_LOW                        ; 0                         ; Untyped                       ;
; C3_LOW                        ; 0                         ; Untyped                       ;
; C4_LOW                        ; 0                         ; Untyped                       ;
; C5_LOW                        ; 0                         ; Untyped                       ;
; C6_LOW                        ; 0                         ; Untyped                       ;
; C7_LOW                        ; 0                         ; Untyped                       ;
; C8_LOW                        ; 0                         ; Untyped                       ;
; C9_LOW                        ; 0                         ; Untyped                       ;
; C0_INITIAL                    ; 0                         ; Untyped                       ;
; C1_INITIAL                    ; 0                         ; Untyped                       ;
; C2_INITIAL                    ; 0                         ; Untyped                       ;
; C3_INITIAL                    ; 0                         ; Untyped                       ;
; C4_INITIAL                    ; 0                         ; Untyped                       ;
; C5_INITIAL                    ; 0                         ; Untyped                       ;
; C6_INITIAL                    ; 0                         ; Untyped                       ;
; C7_INITIAL                    ; 0                         ; Untyped                       ;
; C8_INITIAL                    ; 0                         ; Untyped                       ;
; C9_INITIAL                    ; 0                         ; Untyped                       ;
; C0_MODE                       ; BYPASS                    ; Untyped                       ;
; C1_MODE                       ; BYPASS                    ; Untyped                       ;
; C2_MODE                       ; BYPASS                    ; Untyped                       ;
; C3_MODE                       ; BYPASS                    ; Untyped                       ;
; C4_MODE                       ; BYPASS                    ; Untyped                       ;
; C5_MODE                       ; BYPASS                    ; Untyped                       ;
; C6_MODE                       ; BYPASS                    ; Untyped                       ;
; C7_MODE                       ; BYPASS                    ; Untyped                       ;
; C8_MODE                       ; BYPASS                    ; Untyped                       ;
; C9_MODE                       ; BYPASS                    ; Untyped                       ;
; C0_PH                         ; 0                         ; Untyped                       ;
; C1_PH                         ; 0                         ; Untyped                       ;
; C2_PH                         ; 0                         ; Untyped                       ;
; C3_PH                         ; 0                         ; Untyped                       ;
; C4_PH                         ; 0                         ; Untyped                       ;
; C5_PH                         ; 0                         ; Untyped                       ;
; C6_PH                         ; 0                         ; Untyped                       ;
; C7_PH                         ; 0                         ; Untyped                       ;
; C8_PH                         ; 0                         ; Untyped                       ;
; C9_PH                         ; 0                         ; Untyped                       ;
; L0_HIGH                       ; 1                         ; Untyped                       ;
; L1_HIGH                       ; 1                         ; Untyped                       ;
; G0_HIGH                       ; 1                         ; Untyped                       ;
; G1_HIGH                       ; 1                         ; Untyped                       ;
; G2_HIGH                       ; 1                         ; Untyped                       ;
; G3_HIGH                       ; 1                         ; Untyped                       ;
; E0_HIGH                       ; 1                         ; Untyped                       ;
; E1_HIGH                       ; 1                         ; Untyped                       ;
; E2_HIGH                       ; 1                         ; Untyped                       ;
; E3_HIGH                       ; 1                         ; Untyped                       ;
; L0_LOW                        ; 1                         ; Untyped                       ;
; L1_LOW                        ; 1                         ; Untyped                       ;
; G0_LOW                        ; 1                         ; Untyped                       ;
; G1_LOW                        ; 1                         ; Untyped                       ;
; G2_LOW                        ; 1                         ; Untyped                       ;
; G3_LOW                        ; 1                         ; Untyped                       ;
; E0_LOW                        ; 1                         ; Untyped                       ;
; E1_LOW                        ; 1                         ; Untyped                       ;
; E2_LOW                        ; 1                         ; Untyped                       ;
; E3_LOW                        ; 1                         ; Untyped                       ;
; L0_INITIAL                    ; 1                         ; Untyped                       ;
; L1_INITIAL                    ; 1                         ; Untyped                       ;
; G0_INITIAL                    ; 1                         ; Untyped                       ;
; G1_INITIAL                    ; 1                         ; Untyped                       ;
; G2_INITIAL                    ; 1                         ; Untyped                       ;
; G3_INITIAL                    ; 1                         ; Untyped                       ;
; E0_INITIAL                    ; 1                         ; Untyped                       ;
; E1_INITIAL                    ; 1                         ; Untyped                       ;
; E2_INITIAL                    ; 1                         ; Untyped                       ;
; E3_INITIAL                    ; 1                         ; Untyped                       ;
; L0_MODE                       ; BYPASS                    ; Untyped                       ;
; L1_MODE                       ; BYPASS                    ; Untyped                       ;
; G0_MODE                       ; BYPASS                    ; Untyped                       ;
; G1_MODE                       ; BYPASS                    ; Untyped                       ;
; G2_MODE                       ; BYPASS                    ; Untyped                       ;
; G3_MODE                       ; BYPASS                    ; Untyped                       ;
; E0_MODE                       ; BYPASS                    ; Untyped                       ;
; E1_MODE                       ; BYPASS                    ; Untyped                       ;
; E2_MODE                       ; BYPASS                    ; Untyped                       ;
; E3_MODE                       ; BYPASS                    ; Untyped                       ;
; L0_PH                         ; 0                         ; Untyped                       ;
; L1_PH                         ; 0                         ; Untyped                       ;
; G0_PH                         ; 0                         ; Untyped                       ;
; G1_PH                         ; 0                         ; Untyped                       ;
; G2_PH                         ; 0                         ; Untyped                       ;
; G3_PH                         ; 0                         ; Untyped                       ;
; E0_PH                         ; 0                         ; Untyped                       ;
; E1_PH                         ; 0                         ; Untyped                       ;
; E2_PH                         ; 0                         ; Untyped                       ;
; E3_PH                         ; 0                         ; Untyped                       ;
; M_PH                          ; 0                         ; Untyped                       ;
; C1_USE_CASC_IN                ; OFF                       ; Untyped                       ;
; C2_USE_CASC_IN                ; OFF                       ; Untyped                       ;
; C3_USE_CASC_IN                ; OFF                       ; Untyped                       ;
; C4_USE_CASC_IN                ; OFF                       ; Untyped                       ;
; C5_USE_CASC_IN                ; OFF                       ; Untyped                       ;
; C6_USE_CASC_IN                ; OFF                       ; Untyped                       ;
; C7_USE_CASC_IN                ; OFF                       ; Untyped                       ;
; C8_USE_CASC_IN                ; OFF                       ; Untyped                       ;
; C9_USE_CASC_IN                ; OFF                       ; Untyped                       ;
; CLK0_COUNTER                  ; G0                        ; Untyped                       ;
; CLK1_COUNTER                  ; G0                        ; Untyped                       ;
; CLK2_COUNTER                  ; G0                        ; Untyped                       ;
; CLK3_COUNTER                  ; G0                        ; Untyped                       ;
; CLK4_COUNTER                  ; G0                        ; Untyped                       ;
; CLK5_COUNTER                  ; G0                        ; Untyped                       ;
; CLK6_COUNTER                  ; E0                        ; Untyped                       ;
; CLK7_COUNTER                  ; E1                        ; Untyped                       ;
; CLK8_COUNTER                  ; E2                        ; Untyped                       ;
; CLK9_COUNTER                  ; E3                        ; Untyped                       ;
; L0_TIME_DELAY                 ; 0                         ; Untyped                       ;
; L1_TIME_DELAY                 ; 0                         ; Untyped                       ;
; G0_TIME_DELAY                 ; 0                         ; Untyped                       ;
; G1_TIME_DELAY                 ; 0                         ; Untyped                       ;
; G2_TIME_DELAY                 ; 0                         ; Untyped                       ;
; G3_TIME_DELAY                 ; 0                         ; Untyped                       ;
; E0_TIME_DELAY                 ; 0                         ; Untyped                       ;
; E1_TIME_DELAY                 ; 0                         ; Untyped                       ;
; E2_TIME_DELAY                 ; 0                         ; Untyped                       ;
; E3_TIME_DELAY                 ; 0                         ; Untyped                       ;
; M_TIME_DELAY                  ; 0                         ; Untyped                       ;
; N_TIME_DELAY                  ; 0                         ; Untyped                       ;
; EXTCLK3_COUNTER               ; E3                        ; Untyped                       ;
; EXTCLK2_COUNTER               ; E2                        ; Untyped                       ;
; EXTCLK1_COUNTER               ; E1                        ; Untyped                       ;
; EXTCLK0_COUNTER               ; E0                        ; Untyped                       ;
; ENABLE0_COUNTER               ; L0                        ; Untyped                       ;
; ENABLE1_COUNTER               ; L0                        ; Untyped                       ;
; CHARGE_PUMP_CURRENT           ; 2                         ; Untyped                       ;
; LOOP_FILTER_R                 ;  1.000000                 ; Untyped                       ;
; LOOP_FILTER_C                 ; 5                         ; Untyped                       ;
; CHARGE_PUMP_CURRENT_BITS      ; 9999                      ; Untyped                       ;
; LOOP_FILTER_R_BITS            ; 9999                      ; Untyped                       ;
; LOOP_FILTER_C_BITS            ; 9999                      ; Untyped                       ;
; VCO_POST_SCALE                ; 0                         ; Untyped                       ;
; CLK2_OUTPUT_FREQUENCY         ; 0                         ; Untyped                       ;
; CLK1_OUTPUT_FREQUENCY         ; 0                         ; Untyped                       ;
; CLK0_OUTPUT_FREQUENCY         ; 0                         ; Untyped                       ;
; INTENDED_DEVICE_FAMILY        ; Cyclone IV E              ; Untyped                       ;
; PORT_CLKENA0                  ; PORT_UNUSED               ; Untyped                       ;
; PORT_CLKENA1                  ; PORT_UNUSED               ; Untyped                       ;
; PORT_CLKENA2                  ; PORT_UNUSED               ; Untyped                       ;
; PORT_CLKENA3                  ; PORT_UNUSED               ; Untyped                       ;
; PORT_CLKENA4                  ; PORT_UNUSED               ; Untyped                       ;
; PORT_CLKENA5                  ; PORT_UNUSED               ; Untyped                       ;
; PORT_EXTCLKENA0               ; PORT_CONNECTIVITY         ; Untyped                       ;
; PORT_EXTCLKENA1               ; PORT_CONNECTIVITY         ; Untyped                       ;
; PORT_EXTCLKENA2               ; PORT_CONNECTIVITY         ; Untyped                       ;
; PORT_EXTCLKENA3               ; PORT_CONNECTIVITY         ; Untyped                       ;
; PORT_EXTCLK0                  ; PORT_UNUSED               ; Untyped                       ;
; PORT_EXTCLK1                  ; PORT_UNUSED               ; Untyped                       ;
; PORT_EXTCLK2                  ; PORT_UNUSED               ; Untyped                       ;
; PORT_EXTCLK3                  ; PORT_UNUSED               ; Untyped                       ;
; PORT_CLKBAD0                  ; PORT_UNUSED               ; Untyped                       ;
; PORT_CLKBAD1                  ; PORT_UNUSED               ; Untyped                       ;
; PORT_CLK0                     ; PORT_USED                 ; Untyped                       ;
; PORT_CLK1                     ; PORT_USED                 ; Untyped                       ;
; PORT_CLK2                     ; PORT_UNUSED               ; Untyped                       ;
; PORT_CLK3                     ; PORT_UNUSED               ; Untyped                       ;
; PORT_CLK4                     ; PORT_UNUSED               ; Untyped                       ;
; PORT_CLK5                     ; PORT_UNUSED               ; Untyped                       ;
; PORT_CLK6                     ; PORT_UNUSED               ; Untyped                       ;
; PORT_CLK7                     ; PORT_UNUSED               ; Untyped                       ;
; PORT_CLK8                     ; PORT_UNUSED               ; Untyped                       ;
; PORT_CLK9                     ; PORT_UNUSED               ; Untyped                       ;
; PORT_SCANDATA                 ; PORT_UNUSED               ; Untyped                       ;
; PORT_SCANDATAOUT              ; PORT_UNUSED               ; Untyped                       ;
; PORT_SCANDONE                 ; PORT_UNUSED               ; Untyped                       ;
; PORT_SCLKOUT1                 ; PORT_CONNECTIVITY         ; Untyped                       ;
; PORT_SCLKOUT0                 ; PORT_CONNECTIVITY         ; Untyped                       ;
; PORT_ACTIVECLOCK              ; PORT_UNUSED               ; Untyped                       ;
; PORT_CLKLOSS                  ; PORT_UNUSED               ; Untyped                       ;
; PORT_INCLK1                   ; PORT_UNUSED               ; Untyped                       ;
; PORT_INCLK0                   ; PORT_USED                 ; Untyped                       ;
; PORT_FBIN                     ; PORT_UNUSED               ; Untyped                       ;
; PORT_PLLENA                   ; PORT_UNUSED               ; Untyped                       ;
; PORT_CLKSWITCH                ; PORT_UNUSED               ; Untyped                       ;
; PORT_ARESET                   ; PORT_USED                 ; Untyped                       ;
; PORT_PFDENA                   ; PORT_UNUSED               ; Untyped                       ;
; PORT_SCANCLK                  ; PORT_UNUSED               ; Untyped                       ;
; PORT_SCANACLR                 ; PORT_UNUSED               ; Untyped                       ;
; PORT_SCANREAD                 ; PORT_UNUSED               ; Untyped                       ;
; PORT_SCANWRITE                ; PORT_UNUSED               ; Untyped                       ;
; PORT_ENABLE0                  ; PORT_CONNECTIVITY         ; Untyped                       ;
; PORT_ENABLE1                  ; PORT_CONNECTIVITY         ; Untyped                       ;
; PORT_LOCKED                   ; PORT_USED                 ; Untyped                       ;
; PORT_CONFIGUPDATE             ; PORT_UNUSED               ; Untyped                       ;
; PORT_FBOUT                    ; PORT_CONNECTIVITY         ; Untyped                       ;
; PORT_PHASEDONE                ; PORT_UNUSED               ; Untyped                       ;
; PORT_PHASESTEP                ; PORT_UNUSED               ; Untyped                       ;
; PORT_PHASEUPDOWN              ; PORT_UNUSED               ; Untyped                       ;
; PORT_SCANCLKENA               ; PORT_UNUSED               ; Untyped                       ;
; PORT_PHASECOUNTERSELECT       ; PORT_UNUSED               ; Untyped                       ;
; PORT_VCOOVERRANGE             ; PORT_CONNECTIVITY         ; Untyped                       ;
; PORT_VCOUNDERRANGE            ; PORT_CONNECTIVITY         ; Untyped                       ;
; M_TEST_SOURCE                 ; 5                         ; Untyped                       ;
; C0_TEST_SOURCE                ; 5                         ; Untyped                       ;
; C1_TEST_SOURCE                ; 5                         ; Untyped                       ;
; C2_TEST_SOURCE                ; 5                         ; Untyped                       ;
; C3_TEST_SOURCE                ; 5                         ; Untyped                       ;
; C4_TEST_SOURCE                ; 5                         ; Untyped                       ;
; C5_TEST_SOURCE                ; 5                         ; Untyped                       ;
; C6_TEST_SOURCE                ; 5                         ; Untyped                       ;
; C7_TEST_SOURCE                ; 5                         ; Untyped                       ;
; C8_TEST_SOURCE                ; 5                         ; Untyped                       ;
; C9_TEST_SOURCE                ; 5                         ; Untyped                       ;
; CBXI_PARAMETER                ; PLL_CAM_altpll1           ; Untyped                       ;
; VCO_FREQUENCY_CONTROL         ; AUTO                      ; Untyped                       ;
; VCO_PHASE_SHIFT_STEP          ; 0                         ; Untyped                       ;
; WIDTH_CLOCK                   ; 5                         ; Signed Integer                ;
; WIDTH_PHASECOUNTERSELECT      ; 4                         ; Untyped                       ;
; USING_FBMIMICBIDIR_PORT       ; OFF                       ; Untyped                       ;
; DEVICE_FAMILY                 ; Cyclone IV E              ; Untyped                       ;
; SCAN_CHAIN_MIF_FILE           ; UNUSED                    ; Untyped                       ;
; SIM_GATE_LOCK_DEVICE_BEHAVIOR ; OFF                       ; Untyped                       ;
; AUTO_CARRY_CHAINS             ; ON                        ; AUTO_CARRY                    ;
; IGNORE_CARRY_BUFFERS          ; OFF                       ; IGNORE_CARRY                  ;
; AUTO_CASCADE_CHAINS           ; ON                        ; AUTO_CASCADE                  ;
; IGNORE_CASCADE_BUFFERS        ; OFF                       ; IGNORE_CASCADE                ;
+-------------------------------+---------------------------+-------------------------------+
Note: In order to hide this table in the UI and the text report file, please set the "Show Parameter Settings in Synthesis Report" option in "Analysis and Synthesis Settings -> More Settings" to "Off".


+------------------------------------------------------------------------------------------------------------+
; Parameter Settings for Inferred Entity Instance: sld_signaltap:camera                                      ;
+-------------------------------------------------+-----------------------------------------+----------------+
; Parameter Name                                  ; Value                                   ; Type           ;
+-------------------------------------------------+-----------------------------------------+----------------+
; lpm_type                                        ; sld_signaltap                           ; String         ;
; sld_node_info                                   ; 805334529                               ; Untyped        ;
; SLD_SECTION_ID                                  ; hdl_signaltap_0                         ; String         ;
; SLD_IP_VERSION                                  ; 6                                       ; Signed Integer ;
; SLD_IP_MINOR_VERSION                            ; 0                                       ; Signed Integer ;
; SLD_COMMON_IP_VERSION                           ; 0                                       ; Signed Integer ;
; sld_data_bits                                   ; 35                                      ; Untyped        ;
; sld_trigger_bits                                ; 35                                      ; Untyped        ;
; SLD_NODE_CRC_BITS                               ; 32                                      ; Signed Integer ;
; SLD_NODE_CRC_HIWORD                             ; 41394                                   ; Signed Integer ;
; SLD_NODE_CRC_LOWORD                             ; 50132                                   ; Signed Integer ;
; sld_incremental_routing                         ; 1                                       ; Untyped        ;
; sld_sample_depth                                ; 65536                                   ; Untyped        ;
; sld_segment_size                                ; 65536                                   ; Untyped        ;
; sld_ram_block_type                              ; AUTO                                    ; Untyped        ;
; sld_state_bits                                  ; 11                                      ; Untyped        ;
; sld_buffer_full_stop                            ; 1                                       ; Untyped        ;
; SLD_MEM_ADDRESS_BITS                            ; 7                                       ; Signed Integer ;
; SLD_DATA_BIT_CNTR_BITS                          ; 4                                       ; Signed Integer ;
; sld_trigger_level                               ; 1                                       ; Untyped        ;
; sld_trigger_in_enabled                          ; 0                                       ; Untyped        ;
; SLD_HPS_TRIGGER_IN_ENABLED                      ; 0                                       ; Signed Integer ;
; SLD_HPS_TRIGGER_OUT_ENABLED                     ; 0                                       ; Signed Integer ;
; SLD_HPS_EVENT_ENABLED                           ; 0                                       ; Signed Integer ;
; SLD_HPS_EVENT_ID                                ; 0                                       ; Signed Integer ;
; sld_advanced_trigger_entity                     ; sld_reserved_cam_dsp_vga_camera_1_e632, ; Untyped        ;
; sld_trigger_level_pipeline                      ; 1                                       ; Untyped        ;
; sld_trigger_pipeline                            ; 0                                       ; Untyped        ;
; sld_ram_pipeline                                ; 0                                       ; Untyped        ;
; sld_counter_pipeline                            ; 0                                       ; Untyped        ;
; sld_enable_advanced_trigger                     ; 1                                       ; Untyped        ;
; SLD_ADVANCED_TRIGGER_1                          ; NONE                                    ; String         ;
; SLD_ADVANCED_TRIGGER_2                          ; NONE                                    ; String         ;
; SLD_ADVANCED_TRIGGER_3                          ; NONE                                    ; String         ;
; SLD_ADVANCED_TRIGGER_4                          ; NONE                                    ; String         ;
; SLD_ADVANCED_TRIGGER_5                          ; NONE                                    ; String         ;
; SLD_ADVANCED_TRIGGER_6                          ; NONE                                    ; String         ;
; SLD_ADVANCED_TRIGGER_7                          ; NONE                                    ; String         ;
; SLD_ADVANCED_TRIGGER_8                          ; NONE                                    ; String         ;
; SLD_ADVANCED_TRIGGER_9                          ; NONE                                    ; String         ;
; SLD_ADVANCED_TRIGGER_10                         ; NONE                                    ; String         ;
; sld_inversion_mask_length                       ; 30                                      ; Untyped        ;
; sld_inversion_mask                              ; 000000000000000000000000000000          ; Untyped        ;
; sld_power_up_trigger                            ; 0                                       ; Untyped        ;
; SLD_STATE_FLOW_MGR_ENTITY                       ; state_flow_mgr_entity.vhd               ; String         ;
; sld_state_flow_use_generated                    ; 0                                       ; Untyped        ;
; sld_current_resource_width                      ; 1                                       ; Untyped        ;
; sld_attribute_mem_mode                          ; OFF                                     ; Untyped        ;
; sld_storage_qualifier_bits                      ; 35                                      ; Untyped        ;
; SLD_STORAGE_QUALIFIER_GAP_RECORD                ; 0                                       ; Signed Integer ;
; SLD_STORAGE_QUALIFIER_MODE                      ; OFF                                     ; String         ;
; SLD_STORAGE_QUALIFIER_ENABLE_ADVANCED_CONDITION ; 0                                       ; Signed Integer ;
; sld_storage_qualifier_inversion_mask_length     ; 0                                       ; Untyped        ;
; SLD_STORAGE_QUALIFIER_ADVANCED_CONDITION_ENTITY ; basic                                   ; String         ;
; SLD_STORAGE_QUALIFIER_PIPELINE                  ; 0                                       ; Signed Integer ;
; SLD_CREATE_MONITOR_INTERFACE                    ; 0                                       ; Signed Integer ;
; SLD_USE_JTAG_SIGNAL_ADAPTER                     ; 1                                       ; Signed Integer ;
+-------------------------------------------------+-----------------------------------------+----------------+
Note: In order to hide this table in the UI and the text report file, please set the "Show Parameter Settings in Synthesis Report" option in "Analysis and Synthesis Settings -> More Settings" to "Off".


+------------------------------------------------------------------------------------------+
; Parameter Settings for Inferred Entity Instance: frame_buffer:bank1|altsyncram:ram_rtl_0 ;
+------------------------------------+----------------------+------------------------------+
; Parameter Name                     ; Value                ; Type                         ;
+------------------------------------+----------------------+------------------------------+
; BYTE_SIZE_BLOCK                    ; 8                    ; Untyped                      ;
; AUTO_CARRY_CHAINS                  ; ON                   ; AUTO_CARRY                   ;
; IGNORE_CARRY_BUFFERS               ; OFF                  ; IGNORE_CARRY                 ;
; AUTO_CASCADE_CHAINS                ; ON                   ; AUTO_CASCADE                 ;
; IGNORE_CASCADE_BUFFERS             ; OFF                  ; IGNORE_CASCADE               ;
; WIDTH_BYTEENA                      ; 1                    ; Untyped                      ;
; OPERATION_MODE                     ; DUAL_PORT            ; Untyped                      ;
; WIDTH_A                            ; 1                    ; Untyped                      ;
; WIDTHAD_A                          ; 19                   ; Untyped                      ;
; NUMWORDS_A                         ; 524288               ; Untyped                      ;
; OUTDATA_REG_A                      ; UNREGISTERED         ; Untyped                      ;
; ADDRESS_ACLR_A                     ; NONE                 ; Untyped                      ;
; OUTDATA_ACLR_A                     ; NONE                 ; Untyped                      ;
; WRCONTROL_ACLR_A                   ; NONE                 ; Untyped                      ;
; INDATA_ACLR_A                      ; NONE                 ; Untyped                      ;
; BYTEENA_ACLR_A                     ; NONE                 ; Untyped                      ;
; WIDTH_B                            ; 1                    ; Untyped                      ;
; WIDTHAD_B                          ; 19                   ; Untyped                      ;
; NUMWORDS_B                         ; 524288               ; Untyped                      ;
; INDATA_REG_B                       ; CLOCK1               ; Untyped                      ;
; WRCONTROL_WRADDRESS_REG_B          ; CLOCK1               ; Untyped                      ;
; RDCONTROL_REG_B                    ; CLOCK1               ; Untyped                      ;
; ADDRESS_REG_B                      ; CLOCK1               ; Untyped                      ;
; OUTDATA_REG_B                      ; UNREGISTERED         ; Untyped                      ;
; BYTEENA_REG_B                      ; CLOCK1               ; Untyped                      ;
; INDATA_ACLR_B                      ; NONE                 ; Untyped                      ;
; WRCONTROL_ACLR_B                   ; NONE                 ; Untyped                      ;
; ADDRESS_ACLR_B                     ; NONE                 ; Untyped                      ;
; OUTDATA_ACLR_B                     ; NONE                 ; Untyped                      ;
; RDCONTROL_ACLR_B                   ; NONE                 ; Untyped                      ;
; BYTEENA_ACLR_B                     ; NONE                 ; Untyped                      ;
; WIDTH_BYTEENA_A                    ; 1                    ; Untyped                      ;
; WIDTH_BYTEENA_B                    ; 1                    ; Untyped                      ;
; RAM_BLOCK_TYPE                     ; M9K                  ; Untyped                      ;
; BYTE_SIZE                          ; 8                    ; Untyped                      ;
; READ_DURING_WRITE_MODE_MIXED_PORTS ; DONT_CARE            ; Untyped                      ;
; READ_DURING_WRITE_MODE_PORT_A      ; NEW_DATA_NO_NBE_READ ; Untyped                      ;
; READ_DURING_WRITE_MODE_PORT_B      ; NEW_DATA_NO_NBE_READ ; Untyped                      ;
; INIT_FILE                          ; UNUSED               ; Untyped                      ;
; INIT_FILE_LAYOUT                   ; PORT_A               ; Untyped                      ;
; MAXIMUM_DEPTH                      ; 0                    ; Untyped                      ;
; CLOCK_ENABLE_INPUT_A               ; NORMAL               ; Untyped                      ;
; CLOCK_ENABLE_INPUT_B               ; NORMAL               ; Untyped                      ;
; CLOCK_ENABLE_OUTPUT_A              ; NORMAL               ; Untyped                      ;
; CLOCK_ENABLE_OUTPUT_B              ; NORMAL               ; Untyped                      ;
; CLOCK_ENABLE_CORE_A                ; USE_INPUT_CLKEN      ; Untyped                      ;
; CLOCK_ENABLE_CORE_B                ; USE_INPUT_CLKEN      ; Untyped                      ;
; ENABLE_ECC                         ; FALSE                ; Untyped                      ;
; ECC_PIPELINE_STAGE_ENABLED         ; FALSE                ; Untyped                      ;
; WIDTH_ECCSTATUS                    ; 3                    ; Untyped                      ;
; DEVICE_FAMILY                      ; Cyclone IV E         ; Untyped                      ;
; CBXI_PARAMETER                     ; altsyncram_39f1      ; Untyped                      ;
+------------------------------------+----------------------+------------------------------+
Note: In order to hide this table in the UI and the text report file, please set the "Show Parameter Settings in Synthesis Report" option in "Analysis and Synthesis Settings -> More Settings" to "Off".


+------------------------------------------------------------------------------------------+
; Parameter Settings for Inferred Entity Instance: frame_buffer:bank0|altsyncram:ram_rtl_0 ;
+------------------------------------+----------------------+------------------------------+
; Parameter Name                     ; Value                ; Type                         ;
+------------------------------------+----------------------+------------------------------+
; BYTE_SIZE_BLOCK                    ; 8                    ; Untyped                      ;
; AUTO_CARRY_CHAINS                  ; ON                   ; AUTO_CARRY                   ;
; IGNORE_CARRY_BUFFERS               ; OFF                  ; IGNORE_CARRY                 ;
; AUTO_CASCADE_CHAINS                ; ON                   ; AUTO_CASCADE                 ;
; IGNORE_CASCADE_BUFFERS             ; OFF                  ; IGNORE_CASCADE               ;
; WIDTH_BYTEENA                      ; 1                    ; Untyped                      ;
; OPERATION_MODE                     ; DUAL_PORT            ; Untyped                      ;
; WIDTH_A                            ; 1                    ; Untyped                      ;
; WIDTHAD_A                          ; 19                   ; Untyped                      ;
; NUMWORDS_A                         ; 524288               ; Untyped                      ;
; OUTDATA_REG_A                      ; UNREGISTERED         ; Untyped                      ;
; ADDRESS_ACLR_A                     ; NONE                 ; Untyped                      ;
; OUTDATA_ACLR_A                     ; NONE                 ; Untyped                      ;
; WRCONTROL_ACLR_A                   ; NONE                 ; Untyped                      ;
; INDATA_ACLR_A                      ; NONE                 ; Untyped                      ;
; BYTEENA_ACLR_A                     ; NONE                 ; Untyped                      ;
; WIDTH_B                            ; 1                    ; Untyped                      ;
; WIDTHAD_B                          ; 19                   ; Untyped                      ;
; NUMWORDS_B                         ; 524288               ; Untyped                      ;
; INDATA_REG_B                       ; CLOCK1               ; Untyped                      ;
; WRCONTROL_WRADDRESS_REG_B          ; CLOCK1               ; Untyped                      ;
; RDCONTROL_REG_B                    ; CLOCK1               ; Untyped                      ;
; ADDRESS_REG_B                      ; CLOCK1               ; Untyped                      ;
; OUTDATA_REG_B                      ; UNREGISTERED         ; Untyped                      ;
; BYTEENA_REG_B                      ; CLOCK1               ; Untyped                      ;
; INDATA_ACLR_B                      ; NONE                 ; Untyped                      ;
; WRCONTROL_ACLR_B                   ; NONE                 ; Untyped                      ;
; ADDRESS_ACLR_B                     ; NONE                 ; Untyped                      ;
; OUTDATA_ACLR_B                     ; NONE                 ; Untyped                      ;
; RDCONTROL_ACLR_B                   ; NONE                 ; Untyped                      ;
; BYTEENA_ACLR_B                     ; NONE                 ; Untyped                      ;
; WIDTH_BYTEENA_A                    ; 1                    ; Untyped                      ;
; WIDTH_BYTEENA_B                    ; 1                    ; Untyped                      ;
; RAM_BLOCK_TYPE                     ; M9K                  ; Untyped                      ;
; BYTE_SIZE                          ; 8                    ; Untyped                      ;
; READ_DURING_WRITE_MODE_MIXED_PORTS ; DONT_CARE            ; Untyped                      ;
; READ_DURING_WRITE_MODE_PORT_A      ; NEW_DATA_NO_NBE_READ ; Untyped                      ;
; READ_DURING_WRITE_MODE_PORT_B      ; NEW_DATA_NO_NBE_READ ; Untyped                      ;
; INIT_FILE                          ; UNUSED               ; Untyped                      ;
; INIT_FILE_LAYOUT                   ; PORT_A               ; Untyped                      ;
; MAXIMUM_DEPTH                      ; 0                    ; Untyped                      ;
; CLOCK_ENABLE_INPUT_A               ; NORMAL               ; Untyped                      ;
; CLOCK_ENABLE_INPUT_B               ; NORMAL               ; Untyped                      ;
; CLOCK_ENABLE_OUTPUT_A              ; NORMAL               ; Untyped                      ;
; CLOCK_ENABLE_OUTPUT_B              ; NORMAL               ; Untyped                      ;
; CLOCK_ENABLE_CORE_A                ; USE_INPUT_CLKEN      ; Untyped                      ;
; CLOCK_ENABLE_CORE_B                ; USE_INPUT_CLKEN      ; Untyped                      ;
; ENABLE_ECC                         ; FALSE                ; Untyped                      ;
; ECC_PIPELINE_STAGE_ENABLED         ; FALSE                ; Untyped                      ;
; WIDTH_ECCSTATUS                    ; 3                    ; Untyped                      ;
; DEVICE_FAMILY                      ; Cyclone IV E         ; Untyped                      ;
; CBXI_PARAMETER                     ; altsyncram_39f1      ; Untyped                      ;
+------------------------------------+----------------------+------------------------------+
Note: In order to hide this table in the UI and the text report file, please set the "Show Parameter Settings in Synthesis Report" option in "Analysis and Synthesis Settings -> More Settings" to "Off".


+-------------------------------------------------------------------------------------------+
; Parameter Settings for Inferred Entity Instance: camer:cam_inst|altsyncram:line_mem_rtl_0 ;
+------------------------------------+----------------------+-------------------------------+
; Parameter Name                     ; Value                ; Type                          ;
+------------------------------------+----------------------+-------------------------------+
; BYTE_SIZE_BLOCK                    ; 8                    ; Untyped                       ;
; AUTO_CARRY_CHAINS                  ; ON                   ; AUTO_CARRY                    ;
; IGNORE_CARRY_BUFFERS               ; OFF                  ; IGNORE_CARRY                  ;
; AUTO_CASCADE_CHAINS                ; ON                   ; AUTO_CASCADE                  ;
; IGNORE_CASCADE_BUFFERS             ; OFF                  ; IGNORE_CASCADE                ;
; WIDTH_BYTEENA                      ; 1                    ; Untyped                       ;
; OPERATION_MODE                     ; DUAL_PORT            ; Untyped                       ;
; WIDTH_A                            ; 12                   ; Untyped                       ;
; WIDTHAD_A                          ; 11                   ; Untyped                       ;
; NUMWORDS_A                         ; 1282                 ; Untyped                       ;
; OUTDATA_REG_A                      ; UNREGISTERED         ; Untyped                       ;
; ADDRESS_ACLR_A                     ; NONE                 ; Untyped                       ;
; OUTDATA_ACLR_A                     ; NONE                 ; Untyped                       ;
; WRCONTROL_ACLR_A                   ; NONE                 ; Untyped                       ;
; INDATA_ACLR_A                      ; NONE                 ; Untyped                       ;
; BYTEENA_ACLR_A                     ; NONE                 ; Untyped                       ;
; WIDTH_B                            ; 12                   ; Untyped                       ;
; WIDTHAD_B                          ; 11                   ; Untyped                       ;
; NUMWORDS_B                         ; 1282                 ; Untyped                       ;
; INDATA_REG_B                       ; CLOCK1               ; Untyped                       ;
; WRCONTROL_WRADDRESS_REG_B          ; CLOCK1               ; Untyped                       ;
; RDCONTROL_REG_B                    ; CLOCK1               ; Untyped                       ;
; ADDRESS_REG_B                      ; CLOCK0               ; Untyped                       ;
; OUTDATA_REG_B                      ; UNREGISTERED         ; Untyped                       ;
; BYTEENA_REG_B                      ; CLOCK1               ; Untyped                       ;
; INDATA_ACLR_B                      ; NONE                 ; Untyped                       ;
; WRCONTROL_ACLR_B                   ; NONE                 ; Untyped                       ;
; ADDRESS_ACLR_B                     ; NONE                 ; Untyped                       ;
; OUTDATA_ACLR_B                     ; NONE                 ; Untyped                       ;
; RDCONTROL_ACLR_B                   ; NONE                 ; Untyped                       ;
; BYTEENA_ACLR_B                     ; NONE                 ; Untyped                       ;
; WIDTH_BYTEENA_A                    ; 1                    ; Untyped                       ;
; WIDTH_BYTEENA_B                    ; 1                    ; Untyped                       ;
; RAM_BLOCK_TYPE                     ; AUTO                 ; Untyped                       ;
; BYTE_SIZE                          ; 8                    ; Untyped                       ;
; READ_DURING_WRITE_MODE_MIXED_PORTS ; OLD_DATA             ; Untyped                       ;
; READ_DURING_WRITE_MODE_PORT_A      ; NEW_DATA_NO_NBE_READ ; Untyped                       ;
; READ_DURING_WRITE_MODE_PORT_B      ; NEW_DATA_NO_NBE_READ ; Untyped                       ;
; INIT_FILE                          ; UNUSED               ; Untyped                       ;
; INIT_FILE_LAYOUT                   ; PORT_A               ; Untyped                       ;
; MAXIMUM_DEPTH                      ; 0                    ; Untyped                       ;
; CLOCK_ENABLE_INPUT_A               ; NORMAL               ; Untyped                       ;
; CLOCK_ENABLE_INPUT_B               ; NORMAL               ; Untyped                       ;
; CLOCK_ENABLE_OUTPUT_A              ; NORMAL               ; Untyped                       ;
; CLOCK_ENABLE_OUTPUT_B              ; NORMAL               ; Untyped                       ;
; CLOCK_ENABLE_CORE_A                ; USE_INPUT_CLKEN      ; Untyped                       ;
; CLOCK_ENABLE_CORE_B                ; USE_INPUT_CLKEN      ; Untyped                       ;
; ENABLE_ECC                         ; FALSE                ; Untyped                       ;
; ECC_PIPELINE_STAGE_ENABLED         ; FALSE                ; Untyped                       ;
; WIDTH_ECCSTATUS                    ; 3                    ; Untyped                       ;
; DEVICE_FAMILY                      ; Cyclone IV E         ; Untyped                       ;
; CBXI_PARAMETER                     ; altsyncram_k5h1      ; Untyped                       ;
+------------------------------------+----------------------+-------------------------------+
Note: In order to hide this table in the UI and the text report file, please set the "Show Parameter Settings in Synthesis Report" option in "Analysis and Synthesis Settings -> More Settings" to "Off".


+------------------------------------------------------------------+
; Parameter Settings for Inferred Entity Instance: lpm_divide:Mod0 ;
+------------------------+----------------+------------------------+
; Parameter Name         ; Value          ; Type                   ;
+------------------------+----------------+------------------------+
; LPM_WIDTHN             ; 19             ; Untyped                ;
; LPM_WIDTHD             ; 19             ; Untyped                ;
; LPM_NREPRESENTATION    ; UNSIGNED       ; Untyped                ;
; LPM_DREPRESENTATION    ; UNSIGNED       ; Untyped                ;
; LPM_PIPELINE           ; 0              ; Untyped                ;
; LPM_REMAINDERPOSITIVE  ; TRUE           ; Untyped                ;
; MAXIMIZE_SPEED         ; 5              ; Untyped                ;
; CBXI_PARAMETER         ; lpm_divide_ucm ; Untyped                ;
; CARRY_CHAIN            ; MANUAL         ; Untyped                ;
; OPTIMIZE_FOR_SPEED     ; 5              ; Untyped                ;
; AUTO_CARRY_CHAINS      ; ON             ; AUTO_CARRY             ;
; IGNORE_CARRY_BUFFERS   ; OFF            ; IGNORE_CARRY           ;
; AUTO_CASCADE_CHAINS    ; ON             ; AUTO_CASCADE           ;
; IGNORE_CASCADE_BUFFERS ; OFF            ; IGNORE_CASCADE         ;
+------------------------+----------------+------------------------+
Note: In order to hide this table in the UI and the text report file, please set the "Show Parameter Settings in Synthesis Report" option in "Analysis and Synthesis Settings -> More Settings" to "Off".


+------------------------------------------------------------------+
; Parameter Settings for Inferred Entity Instance: lpm_divide:Div0 ;
+------------------------+----------------+------------------------+
; Parameter Name         ; Value          ; Type                   ;
+------------------------+----------------+------------------------+
; LPM_WIDTHN             ; 11             ; Untyped                ;
; LPM_WIDTHD             ; 7              ; Untyped                ;
; LPM_NREPRESENTATION    ; UNSIGNED       ; Untyped                ;
; LPM_DREPRESENTATION    ; UNSIGNED       ; Untyped                ;
; LPM_PIPELINE           ; 0              ; Untyped                ;
; LPM_REMAINDERPOSITIVE  ; TRUE           ; Untyped                ;
; MAXIMIZE_SPEED         ; 5              ; Untyped                ;
; CBXI_PARAMETER         ; lpm_divide_0jm ; Untyped                ;
; CARRY_CHAIN            ; MANUAL         ; Untyped                ;
; OPTIMIZE_FOR_SPEED     ; 5              ; Untyped                ;
; AUTO_CARRY_CHAINS      ; ON             ; AUTO_CARRY             ;
; IGNORE_CARRY_BUFFERS   ; OFF            ; IGNORE_CARRY           ;
; AUTO_CASCADE_CHAINS    ; ON             ; AUTO_CASCADE           ;
; IGNORE_CASCADE_BUFFERS ; OFF            ; IGNORE_CASCADE         ;
+------------------------+----------------+------------------------+
Note: In order to hide this table in the UI and the text report file, please set the "Show Parameter Settings in Synthesis Report" option in "Analysis and Synthesis Settings -> More Settings" to "Off".


+------------------------------------------------------------------------------+
; altpll Parameter Settings by Entity Instance                                 ;
+-------------------------------+----------------------------------------------+
; Name                          ; Value                                        ;
+-------------------------------+----------------------------------------------+
; Number of entity instances    ; 1                                            ;
; Entity Instance               ; PLL_CAM:PLL_CAM_inst|altpll:altpll_component ;
;     -- OPERATION_MODE         ; NORMAL                                       ;
;     -- PLL_TYPE               ; AUTO                                         ;
;     -- PRIMARY_CLOCK          ; INCLK0                                       ;
;     -- INCLK0_INPUT_FREQUENCY ; 20000                                        ;
;     -- INCLK1_INPUT_FREQUENCY ; 0                                            ;
;     -- VCO_MULTIPLY_BY        ; 0                                            ;
;     -- VCO_DIVIDE_BY          ; 0                                            ;
+-------------------------------+----------------------------------------------+


+--------------------------------------------------------------------------------------+
; altsyncram Parameter Settings by Entity Instance                                     ;
+-------------------------------------------+------------------------------------------+
; Name                                      ; Value                                    ;
+-------------------------------------------+------------------------------------------+
; Number of entity instances                ; 3                                        ;
; Entity Instance                           ; frame_buffer:bank1|altsyncram:ram_rtl_0  ;
;     -- OPERATION_MODE                     ; DUAL_PORT                                ;
;     -- WIDTH_A                            ; 1                                        ;
;     -- NUMWORDS_A                         ; 524288                                   ;
;     -- OUTDATA_REG_A                      ; UNREGISTERED                             ;
;     -- WIDTH_B                            ; 1                                        ;
;     -- NUMWORDS_B                         ; 524288                                   ;
;     -- ADDRESS_REG_B                      ; CLOCK1                                   ;
;     -- OUTDATA_REG_B                      ; UNREGISTERED                             ;
;     -- RAM_BLOCK_TYPE                     ; M9K                                      ;
;     -- READ_DURING_WRITE_MODE_MIXED_PORTS ; DONT_CARE                                ;
; Entity Instance                           ; frame_buffer:bank0|altsyncram:ram_rtl_0  ;
;     -- OPERATION_MODE                     ; DUAL_PORT                                ;
;     -- WIDTH_A                            ; 1                                        ;
;     -- NUMWORDS_A                         ; 524288                                   ;
;     -- OUTDATA_REG_A                      ; UNREGISTERED                             ;
;     -- WIDTH_B                            ; 1                                        ;
;     -- NUMWORDS_B                         ; 524288                                   ;
;     -- ADDRESS_REG_B                      ; CLOCK1                                   ;
;     -- OUTDATA_REG_B                      ; UNREGISTERED                             ;
;     -- RAM_BLOCK_TYPE                     ; M9K                                      ;
;     -- READ_DURING_WRITE_MODE_MIXED_PORTS ; DONT_CARE                                ;
; Entity Instance                           ; camer:cam_inst|altsyncram:line_mem_rtl_0 ;
;     -- OPERATION_MODE                     ; DUAL_PORT                                ;
;     -- WIDTH_A                            ; 12                                       ;
;     -- NUMWORDS_A                         ; 1282                                     ;
;     -- OUTDATA_REG_A                      ; UNREGISTERED                             ;
;     -- WIDTH_B                            ; 12                                       ;
;     -- NUMWORDS_B                         ; 1282                                     ;
;     -- ADDRESS_REG_B                      ; CLOCK0                                   ;
;     -- OUTDATA_REG_B                      ; UNREGISTERED                             ;
;     -- RAM_BLOCK_TYPE                     ; AUTO                                     ;
;     -- READ_DURING_WRITE_MODE_MIXED_PORTS ; OLD_DATA                                 ;
+-------------------------------------------+------------------------------------------+


+------------------------------------------------------------------------------------------------------------------+
; Port Connectivity Checks: "PLL_CAM:PLL_CAM_inst"                                                                 ;
+--------+--------+----------+-------------------------------------------------------------------------------------+
; Port   ; Type   ; Severity ; Details                                                                             ;
+--------+--------+----------+-------------------------------------------------------------------------------------+
; areset ; Input  ; Info     ; Stuck at GND                                                                        ;
; locked ; Output ; Info     ; Connected to dangling logic. Logic that only feeds a dangling port will be removed. ;
+--------+--------+----------+-------------------------------------------------------------------------------------+


+-----------------------------------------------------------------------------------------------------------------------------+
; Port Connectivity Checks: "camer:cam_inst"                                                                                  ;
+-------------------+--------+----------+-------------------------------------------------------------------------------------+
; Port              ; Type   ; Severity ; Details                                                                             ;
+-------------------+--------+----------+-------------------------------------------------------------------------------------+
; rgb_r             ; Output ; Info     ; Connected to dangling logic. Logic that only feeds a dangling port will be removed. ;
; rgb_b             ; Output ; Info     ; Connected to dangling logic. Logic that only feeds a dangling port will be removed. ;
; rgb_line_vld      ; Output ; Info     ; Connected to dangling logic. Logic that only feeds a dangling port will be removed. ;
; bayer_data_o      ; Output ; Info     ; Connected to dangling logic. Logic that only feeds a dangling port will be removed. ;
; bayer_vld_o       ; Output ; Info     ; Connected to dangling logic. Logic that only feeds a dangling port will be removed. ;
; bayer_frame_vld_o ; Output ; Info     ; Connected to dangling logic. Logic that only feeds a dangling port will be removed. ;
; bayer_line_vld_o  ; Output ; Info     ; Connected to dangling logic. Logic that only feeds a dangling port will be removed. ;
+-------------------+--------+----------+-------------------------------------------------------------------------------------+


+-----------------------------------------------------------------------------------------------------------------+
; Port Connectivity Checks: "top_vga:vga_inst"                                                                    ;
+-------+--------+----------+-------------------------------------------------------------------------------------+
; Port  ; Type   ; Severity ; Details                                                                             ;
+-------+--------+----------+-------------------------------------------------------------------------------------+
; rd_en ; Output ; Info     ; Connected to dangling logic. Logic that only feeds a dangling port will be removed. ;
+-------+--------+----------+-------------------------------------------------------------------------------------+


+---------------------------------------------------+
; Port Connectivity Checks: "frame_buffer:bank1"    ;
+-----------------+-------+----------+--------------+
; Port            ; Type  ; Severity ; Details      ;
+-----------------+-------+----------+--------------+
; wr_addr[20..19] ; Input ; Info     ; Stuck at GND ;
; rd_addr[20..19] ; Input ; Info     ; Stuck at GND ;
+-----------------+-------+----------+--------------+


+---------------------------------------------------+
; Port Connectivity Checks: "frame_buffer:bank0"    ;
+-----------------+-------+----------+--------------+
; Port            ; Type  ; Severity ; Details      ;
+-----------------+-------+----------+--------------+
; wr_addr[20..19] ; Input ; Info     ; Stuck at GND ;
; rd_addr[20..19] ; Input ; Info     ; Stuck at GND ;
+-----------------+-------+----------+--------------+


+----------------------------------------------------------------------------------------------------------------------------------------------------------------------------------------------------------------------------------------------------------------------+
; Signal Tap Logic Analyzer Settings                                                                                                                                                                                                                                   ;
+----------------+---------------+---------------------+------------------+--------------+----------+------------------------+----------------------+--------------------+-----------------------------+-----------------+------------------+--------------------------+
; Instance Index ; Instance Name ; Trigger Input Width ; Data Input Width ; Sample Depth ; Segments ; Storage Qualifier Type ; Trigger Flow Control ; Trigger Conditions ; Advanced Trigger Conditions ; Trigger In Used ; Trigger Out Used ; Power-Up Trigger Enabled ;
+----------------+---------------+---------------------+------------------+--------------+----------+------------------------+----------------------+--------------------+-----------------------------+-----------------+------------------+--------------------------+
; 1              ; camera        ; 35                  ; 35               ; 65536        ; 1        ; continuous             ; sequential           ; 1                  ; 1                           ; no              ; no               ; no                       ;
+----------------+---------------+---------------------+------------------+--------------+----------+------------------------+----------------------+--------------------+-----------------------------+-----------------+------------------+--------------------------+


+-----------------------------------------------------+
; Post-Synthesis Netlist Statistics for Top Partition ;
+-----------------------+-----------------------------+
; Type                  ; Count                       ;
+-----------------------+-----------------------------+
; boundary_port         ; 85                          ;
; cycloneiii_ff         ; 322                         ;
;     CLR               ; 62                          ;
;     ENA               ; 17                          ;
;     ENA CLR           ; 127                         ;
;     ENA CLR SCLR      ; 21                          ;
;     ENA CLR SLD       ; 12                          ;
;     ENA SCLR          ; 10                          ;
;     SCLR              ; 13                          ;
;     SLD               ; 1                           ;
;     plain             ; 59                          ;
; cycloneiii_io_obuf    ; 1                           ;
; cycloneiii_lcell_comb ; 1206                        ;
;     arith             ; 208                         ;
;         2 data inputs ; 97                          ;
;         3 data inputs ; 111                         ;
;     normal            ; 998                         ;
;         0 data inputs ; 18                          ;
;         1 data inputs ; 9                           ;
;         2 data inputs ; 282                         ;
;         3 data inputs ; 135                         ;
;         4 data inputs ; 554                         ;
; cycloneiii_pll        ; 1                           ;
; cycloneiii_ram_block  ; 140                         ;
;                       ;                             ;
; Max LUT depth         ; 35.20                       ;
; Average LUT depth     ; 11.16                       ;
+-----------------------+-----------------------------+


+-------------------------------+
; Elapsed Time Per Partition    ;
+----------------+--------------+
; Partition Name ; Elapsed Time ;
+----------------+--------------+
; Top            ; 00:00:03     ;
+----------------+--------------+


+-----------------------------------------------------------------------------------------------------------------------------------------------------------------------------------------------------------------------------------------------------------------------------------------------------+
; Connections to In-System Debugging Instance "camera"                                                                                                                                                                                                                                                ;
+---------------------------------+---------------+-----------+----------------------+-------------------+---------------------------+----------------------------------------------------------------------------------------------------------------------------------------------------------------+
; Name                            ; Type          ; Status    ; Partition Name       ; Netlist Type Used ; Actual Connection         ; Details                                                                                                                                                        ;
+---------------------------------+---------------+-----------+----------------------+-------------------+---------------------------+----------------------------------------------------------------------------------------------------------------------------------------------------------------+
; cam_pix_clk                     ; pre-synthesis ; connected ; Top                  ; post-synthesis    ; cam_pix_clk               ; N/A                                                                                                                                                            ;
; camer:cam_inst|bayer_data_o[0]  ; pre-synthesis ; connected ; Top                  ; post-synthesis    ; cam_data[0]               ; N/A                                                                                                                                                            ;
; camer:cam_inst|bayer_data_o[0]  ; pre-synthesis ; connected ; Top                  ; post-synthesis    ; cam_data[0]               ; N/A                                                                                                                                                            ;
; camer:cam_inst|bayer_data_o[10] ; pre-synthesis ; connected ; Top                  ; post-synthesis    ; cam_data[10]              ; N/A                                                                                                                                                            ;
; camer:cam_inst|bayer_data_o[10] ; pre-synthesis ; connected ; Top                  ; post-synthesis    ; cam_data[10]              ; N/A                                                                                                                                                            ;
; camer:cam_inst|bayer_data_o[11] ; pre-synthesis ; connected ; Top                  ; post-synthesis    ; cam_data[11]              ; N/A                                                                                                                                                            ;
; camer:cam_inst|bayer_data_o[11] ; pre-synthesis ; connected ; Top                  ; post-synthesis    ; cam_data[11]              ; N/A                                                                                                                                                            ;
; camer:cam_inst|bayer_data_o[1]  ; pre-synthesis ; connected ; Top                  ; post-synthesis    ; cam_data[1]               ; N/A                                                                                                                                                            ;
; camer:cam_inst|bayer_data_o[1]  ; pre-synthesis ; connected ; Top                  ; post-synthesis    ; cam_data[1]               ; N/A                                                                                                                                                            ;
; camer:cam_inst|bayer_data_o[2]  ; pre-synthesis ; connected ; Top                  ; post-synthesis    ; cam_data[2]               ; N/A                                                                                                                                                            ;
; camer:cam_inst|bayer_data_o[2]  ; pre-synthesis ; connected ; Top                  ; post-synthesis    ; cam_data[2]               ; N/A                                                                                                                                                            ;
; camer:cam_inst|bayer_data_o[3]  ; pre-synthesis ; connected ; Top                  ; post-synthesis    ; cam_data[3]               ; N/A                                                                                                                                                            ;
; camer:cam_inst|bayer_data_o[3]  ; pre-synthesis ; connected ; Top                  ; post-synthesis    ; cam_data[3]               ; N/A                                                                                                                                                            ;
; camer:cam_inst|bayer_data_o[4]  ; pre-synthesis ; connected ; Top                  ; post-synthesis    ; cam_data[4]               ; N/A                                                                                                                                                            ;
; camer:cam_inst|bayer_data_o[4]  ; pre-synthesis ; connected ; Top                  ; post-synthesis    ; cam_data[4]               ; N/A                                                                                                                                                            ;
; camer:cam_inst|bayer_data_o[5]  ; pre-synthesis ; connected ; Top                  ; post-synthesis    ; cam_data[5]               ; N/A                                                                                                                                                            ;
; camer:cam_inst|bayer_data_o[5]  ; pre-synthesis ; connected ; Top                  ; post-synthesis    ; cam_data[5]               ; N/A                                                                                                                                                            ;
; camer:cam_inst|bayer_data_o[6]  ; pre-synthesis ; connected ; Top                  ; post-synthesis    ; cam_data[6]               ; N/A                                                                                                                                                            ;
; camer:cam_inst|bayer_data_o[6]  ; pre-synthesis ; connected ; Top                  ; post-synthesis    ; cam_data[6]               ; N/A                                                                                                                                                            ;
; camer:cam_inst|bayer_data_o[7]  ; pre-synthesis ; connected ; Top                  ; post-synthesis    ; cam_data[7]               ; N/A                                                                                                                                                            ;
; camer:cam_inst|bayer_data_o[7]  ; pre-synthesis ; connected ; Top                  ; post-synthesis    ; cam_data[7]               ; N/A                                                                                                                                                            ;
; camer:cam_inst|bayer_data_o[8]  ; pre-synthesis ; connected ; Top                  ; post-synthesis    ; cam_data[8]               ; N/A                                                                                                                                                            ;
; camer:cam_inst|bayer_data_o[8]  ; pre-synthesis ; connected ; Top                  ; post-synthesis    ; cam_data[8]               ; N/A                                                                                                                                                            ;
; camer:cam_inst|bayer_data_o[9]  ; pre-synthesis ; connected ; Top                  ; post-synthesis    ; cam_data[9]               ; N/A                                                                                                                                                            ;
; camer:cam_inst|bayer_data_o[9]  ; pre-synthesis ; connected ; Top                  ; post-synthesis    ; cam_data[9]               ; N/A                                                                                                                                                            ;
; camer:cam_inst|bayer_fval_o     ; pre-synthesis ; missing   ; Top                  ; post-synthesis    ; GND                       ; The name does not exist in your design or refers to an invalid hierarchy or bus element.  You may have modified your design after creating the debug instance. ;
; camer:cam_inst|bayer_fval_o     ; pre-synthesis ; missing   ; Top                  ; post-synthesis    ; GND                       ; The name does not exist in your design or refers to an invalid hierarchy or bus element.  You may have modified your design after creating the debug instance. ;
; camer:cam_inst|bayer_lval_o     ; pre-synthesis ; missing   ; Top                  ; post-synthesis    ; GND                       ; The name does not exist in your design or refers to an invalid hierarchy or bus element.  You may have modified your design after creating the debug instance. ;
; camer:cam_inst|bayer_lval_o     ; pre-synthesis ; missing   ; Top                  ; post-synthesis    ; GND                       ; The name does not exist in your design or refers to an invalid hierarchy or bus element.  You may have modified your design after creating the debug instance. ;
; camer:cam_inst|bayer_valid_o    ; pre-synthesis ; missing   ; Top                  ; post-synthesis    ; GND                       ; The name does not exist in your design or refers to an invalid hierarchy or bus element.  You may have modified your design after creating the debug instance. ;
; camer:cam_inst|bayer_valid_o    ; pre-synthesis ; missing   ; Top                  ; post-synthesis    ; GND                       ; The name does not exist in your design or refers to an invalid hierarchy or bus element.  You may have modified your design after creating the debug instance. ;
; swap                            ; pre-synthesis ; missing   ; Top                  ; post-synthesis    ; GND                       ; The name does not exist in your design or refers to an invalid hierarchy or bus element.  You may have modified your design after creating the debug instance. ;
; swap                            ; pre-synthesis ; missing   ; Top                  ; post-synthesis    ; GND                       ; The name does not exist in your design or refers to an invalid hierarchy or bus element.  You may have modified your design after creating the debug instance. ;
; wr_addr_cnt[0]                  ; pre-synthesis ; connected ; Top                  ; post-synthesis    ; wr_addr_cnt[0]            ; N/A                                                                                                                                                            ;
; wr_addr_cnt[0]                  ; pre-synthesis ; connected ; Top                  ; post-synthesis    ; wr_addr_cnt[0]            ; N/A                                                                                                                                                            ;
; wr_addr_cnt[10]                 ; pre-synthesis ; connected ; Top                  ; post-synthesis    ; wr_addr_cnt[10]           ; N/A                                                                                                                                                            ;
; wr_addr_cnt[10]                 ; pre-synthesis ; connected ; Top                  ; post-synthesis    ; wr_addr_cnt[10]           ; N/A                                                                                                                                                            ;
; wr_addr_cnt[11]                 ; pre-synthesis ; connected ; Top                  ; post-synthesis    ; wr_addr_cnt[11]           ; N/A                                                                                                                                                            ;
; wr_addr_cnt[11]                 ; pre-synthesis ; connected ; Top                  ; post-synthesis    ; wr_addr_cnt[11]           ; N/A                                                                                                                                                            ;
; wr_addr_cnt[12]                 ; pre-synthesis ; connected ; Top                  ; post-synthesis    ; wr_addr_cnt[12]           ; N/A                                                                                                                                                            ;
; wr_addr_cnt[12]                 ; pre-synthesis ; connected ; Top                  ; post-synthesis    ; wr_addr_cnt[12]           ; N/A                                                                                                                                                            ;
; wr_addr_cnt[13]                 ; pre-synthesis ; connected ; Top                  ; post-synthesis    ; wr_addr_cnt[13]           ; N/A                                                                                                                                                            ;
; wr_addr_cnt[13]                 ; pre-synthesis ; connected ; Top                  ; post-synthesis    ; wr_addr_cnt[13]           ; N/A                                                                                                                                                            ;
; wr_addr_cnt[14]                 ; pre-synthesis ; connected ; Top                  ; post-synthesis    ; wr_addr_cnt[14]           ; N/A                                                                                                                                                            ;
; wr_addr_cnt[14]                 ; pre-synthesis ; connected ; Top                  ; post-synthesis    ; wr_addr_cnt[14]           ; N/A                                                                                                                                                            ;
; wr_addr_cnt[15]                 ; pre-synthesis ; connected ; Top                  ; post-synthesis    ; wr_addr_cnt[15]           ; N/A                                                                                                                                                            ;
; wr_addr_cnt[15]                 ; pre-synthesis ; connected ; Top                  ; post-synthesis    ; wr_addr_cnt[15]           ; N/A                                                                                                                                                            ;
; wr_addr_cnt[16]                 ; pre-synthesis ; connected ; Top                  ; post-synthesis    ; wr_addr_cnt[16]           ; N/A                                                                                                                                                            ;
; wr_addr_cnt[16]                 ; pre-synthesis ; connected ; Top                  ; post-synthesis    ; wr_addr_cnt[16]           ; N/A                                                                                                                                                            ;
; wr_addr_cnt[17]                 ; pre-synthesis ; connected ; Top                  ; post-synthesis    ; wr_addr_cnt[17]           ; N/A                                                                                                                                                            ;
; wr_addr_cnt[17]                 ; pre-synthesis ; connected ; Top                  ; post-synthesis    ; wr_addr_cnt[17]           ; N/A                                                                                                                                                            ;
; wr_addr_cnt[18]                 ; pre-synthesis ; connected ; Top                  ; post-synthesis    ; wr_addr_cnt[18]           ; N/A                                                                                                                                                            ;
; wr_addr_cnt[18]                 ; pre-synthesis ; connected ; Top                  ; post-synthesis    ; wr_addr_cnt[18]           ; N/A                                                                                                                                                            ;
; wr_addr_cnt[1]                  ; pre-synthesis ; connected ; Top                  ; post-synthesis    ; wr_addr_cnt[1]            ; N/A                                                                                                                                                            ;
; wr_addr_cnt[1]                  ; pre-synthesis ; connected ; Top                  ; post-synthesis    ; wr_addr_cnt[1]            ; N/A                                                                                                                                                            ;
; wr_addr_cnt[2]                  ; pre-synthesis ; connected ; Top                  ; post-synthesis    ; wr_addr_cnt[2]            ; N/A                                                                                                                                                            ;
; wr_addr_cnt[2]                  ; pre-synthesis ; connected ; Top                  ; post-synthesis    ; wr_addr_cnt[2]            ; N/A                                                                                                                                                            ;
; wr_addr_cnt[3]                  ; pre-synthesis ; connected ; Top                  ; post-synthesis    ; wr_addr_cnt[3]            ; N/A                                                                                                                                                            ;
; wr_addr_cnt[3]                  ; pre-synthesis ; connected ; Top                  ; post-synthesis    ; wr_addr_cnt[3]            ; N/A                                                                                                                                                            ;
; wr_addr_cnt[4]                  ; pre-synthesis ; connected ; Top                  ; post-synthesis    ; wr_addr_cnt[4]            ; N/A                                                                                                                                                            ;
; wr_addr_cnt[4]                  ; pre-synthesis ; connected ; Top                  ; post-synthesis    ; wr_addr_cnt[4]            ; N/A                                                                                                                                                            ;
; wr_addr_cnt[5]                  ; pre-synthesis ; connected ; Top                  ; post-synthesis    ; wr_addr_cnt[5]            ; N/A                                                                                                                                                            ;
; wr_addr_cnt[5]                  ; pre-synthesis ; connected ; Top                  ; post-synthesis    ; wr_addr_cnt[5]            ; N/A                                                                                                                                                            ;
; wr_addr_cnt[6]                  ; pre-synthesis ; connected ; Top                  ; post-synthesis    ; wr_addr_cnt[6]            ; N/A                                                                                                                                                            ;
; wr_addr_cnt[6]                  ; pre-synthesis ; connected ; Top                  ; post-synthesis    ; wr_addr_cnt[6]            ; N/A                                                                                                                                                            ;
; wr_addr_cnt[7]                  ; pre-synthesis ; connected ; Top                  ; post-synthesis    ; wr_addr_cnt[7]            ; N/A                                                                                                                                                            ;
; wr_addr_cnt[7]                  ; pre-synthesis ; connected ; Top                  ; post-synthesis    ; wr_addr_cnt[7]            ; N/A                                                                                                                                                            ;
; wr_addr_cnt[8]                  ; pre-synthesis ; connected ; Top                  ; post-synthesis    ; wr_addr_cnt[8]            ; N/A                                                                                                                                                            ;
; wr_addr_cnt[8]                  ; pre-synthesis ; connected ; Top                  ; post-synthesis    ; wr_addr_cnt[8]            ; N/A                                                                                                                                                            ;
; wr_addr_cnt[9]                  ; pre-synthesis ; connected ; Top                  ; post-synthesis    ; wr_addr_cnt[9]            ; N/A                                                                                                                                                            ;
; wr_addr_cnt[9]                  ; pre-synthesis ; connected ; Top                  ; post-synthesis    ; wr_addr_cnt[9]            ; N/A                                                                                                                                                            ;
; camera|gnd                      ; post-fitting  ; connected ; sld_signaltap:camera ; post-synthesis    ; sld_signaltap:camera|~GND ; N/A                                                                                                                                                            ;
; camera|gnd                      ; post-fitting  ; connected ; sld_signaltap:camera ; post-synthesis    ; sld_signaltap:camera|~GND ; N/A                                                                                                                                                            ;
; camera|gnd                      ; post-fitting  ; connected ; sld_signaltap:camera ; post-synthesis    ; sld_signaltap:camera|~GND ; N/A                                                                                                                                                            ;
; camera|gnd                      ; post-fitting  ; connected ; sld_signaltap:camera ; post-synthesis    ; sld_signaltap:camera|~GND ; N/A                                                                                                                                                            ;
; camera|gnd                      ; post-fitting  ; connected ; sld_signaltap:camera ; post-synthesis    ; sld_signaltap:camera|~GND ; N/A                                                                                                                                                            ;
; camera|gnd                      ; post-fitting  ; connected ; sld_signaltap:camera ; post-synthesis    ; sld_signaltap:camera|~GND ; N/A                                                                                                                                                            ;
; camera|gnd                      ; post-fitting  ; connected ; sld_signaltap:camera ; post-synthesis    ; sld_signaltap:camera|~GND ; N/A                                                                                                                                                            ;
; camera|gnd                      ; post-fitting  ; connected ; sld_signaltap:camera ; post-synthesis    ; sld_signaltap:camera|~GND ; N/A                                                                                                                                                            ;
; camera|gnd                      ; post-fitting  ; connected ; sld_signaltap:camera ; post-synthesis    ; sld_signaltap:camera|~GND ; N/A                                                                                                                                                            ;
; camera|vcc                      ; post-fitting  ; connected ; sld_signaltap:camera ; post-synthesis    ; sld_signaltap:camera|~VCC ; N/A                                                                                                                                                            ;
; camera|vcc                      ; post-fitting  ; connected ; sld_signaltap:camera ; post-synthesis    ; sld_signaltap:camera|~VCC ; N/A                                                                                                                                                            ;
; camera|vcc                      ; post-fitting  ; connected ; sld_signaltap:camera ; post-synthesis    ; sld_signaltap:camera|~VCC ; N/A                                                                                                                                                            ;
; camera|vcc                      ; post-fitting  ; connected ; sld_signaltap:camera ; post-synthesis    ; sld_signaltap:camera|~VCC ; N/A                                                                                                                                                            ;
; camera|vcc                      ; post-fitting  ; connected ; sld_signaltap:camera ; post-synthesis    ; sld_signaltap:camera|~VCC ; N/A                                                                                                                                                            ;
; camera|vcc                      ; post-fitting  ; connected ; sld_signaltap:camera ; post-synthesis    ; sld_signaltap:camera|~VCC ; N/A                                                                                                                                                            ;
; camera|vcc                      ; post-fitting  ; connected ; sld_signaltap:camera ; post-synthesis    ; sld_signaltap:camera|~VCC ; N/A                                                                                                                                                            ;
; camera|vcc                      ; post-fitting  ; connected ; sld_signaltap:camera ; post-synthesis    ; sld_signaltap:camera|~VCC ; N/A                                                                                                                                                            ;
; camera|vcc                      ; post-fitting  ; connected ; sld_signaltap:camera ; post-synthesis    ; sld_signaltap:camera|~VCC ; N/A                                                                                                                                                            ;
; camera|vcc                      ; post-fitting  ; connected ; sld_signaltap:camera ; post-synthesis    ; sld_signaltap:camera|~VCC ; N/A                                                                                                                                                            ;
; camera|vcc                      ; post-fitting  ; connected ; sld_signaltap:camera ; post-synthesis    ; sld_signaltap:camera|~VCC ; N/A                                                                                                                                                            ;
; camera|vcc                      ; post-fitting  ; connected ; sld_signaltap:camera ; post-synthesis    ; sld_signaltap:camera|~VCC ; N/A                                                                                                                                                            ;
; camera|vcc                      ; post-fitting  ; connected ; sld_signaltap:camera ; post-synthesis    ; sld_signaltap:camera|~VCC ; N/A                                                                                                                                                            ;
; camera|vcc                      ; post-fitting  ; connected ; sld_signaltap:camera ; post-synthesis    ; sld_signaltap:camera|~VCC ; N/A                                                                                                                                                            ;
; camera|vcc                      ; post-fitting  ; connected ; sld_signaltap:camera ; post-synthesis    ; sld_signaltap:camera|~VCC ; N/A                                                                                                                                                            ;
; camera|vcc                      ; post-fitting  ; connected ; sld_signaltap:camera ; post-synthesis    ; sld_signaltap:camera|~VCC ; N/A                                                                                                                                                            ;
; camera|vcc                      ; post-fitting  ; connected ; sld_signaltap:camera ; post-synthesis    ; sld_signaltap:camera|~VCC ; N/A                                                                                                                                                            ;
; camera|vcc                      ; post-fitting  ; connected ; sld_signaltap:camera ; post-synthesis    ; sld_signaltap:camera|~VCC ; N/A                                                                                                                                                            ;
; camera|vcc                      ; post-fitting  ; connected ; sld_signaltap:camera ; post-synthesis    ; sld_signaltap:camera|~VCC ; N/A                                                                                                                                                            ;
; camera|vcc                      ; post-fitting  ; connected ; sld_signaltap:camera ; post-synthesis    ; sld_signaltap:camera|~VCC ; N/A                                                                                                                                                            ;
; camera|vcc                      ; post-fitting  ; connected ; sld_signaltap:camera ; post-synthesis    ; sld_signaltap:camera|~VCC ; N/A                                                                                                                                                            ;
; camera|vcc                      ; post-fitting  ; connected ; sld_signaltap:camera ; post-synthesis    ; sld_signaltap:camera|~VCC ; N/A                                                                                                                                                            ;
; camera|vcc                      ; post-fitting  ; connected ; sld_signaltap:camera ; post-synthesis    ; sld_signaltap:camera|~VCC ; N/A                                                                                                                                                            ;
+---------------------------------+---------------+-----------+----------------------+-------------------+---------------------------+----------------------------------------------------------------------------------------------------------------------------------------------------------------+


+-------------------------------+
; Analysis & Synthesis Messages ;
+-------------------------------+
Info: *******************************************************************
Info: Running Quartus Prime Analysis & Synthesis
    Info: Version 18.1.0 Build 625 09/12/2018 SJ Lite Edition
    Info: Processing started: Thu Jun 18 18:16:15 2026
Info: Command: quartus_map --read_settings_files=on --write_settings_files=off cam_dsp_vga -c cam_dsp_vga
Warning (18236): Number of processors has not been specified which may cause overloading on shared machines.  Set the global assignment NUM_PARALLEL_PROCESSORS in your QSF to an appropriate value for best performance.
Info (20030): Parallel compilation is enabled and will use 12 of the 12 processors detected
Info (12021): Found 2 design units, including 1 entities, in source file src/cam/camer.vhd
    Info (12022): Found design unit 1: camer-arch File: R:/_Studying/FPGA/cam_dsp_vga/src/cam/camer.vhd Line: 41
    Info (12023): Found entity 1: camer File: R:/_Studying/FPGA/cam_dsp_vga/src/cam/camer.vhd Line: 5
Info (12021): Found 2 design units, including 1 entities, in source file src/top/top_project.vhd
    Info (12022): Found design unit 1: top_project-arch File: R:/_Studying/FPGA/cam_dsp_vga/src/top/top_project.vhd Line: 40
    Info (12023): Found entity 1: top_project File: R:/_Studying/FPGA/cam_dsp_vga/src/top/top_project.vhd Line: 5
Info (12021): Found 2 design units, including 1 entities, in source file src/top/frame_buffer.vhd
    Info (12022): Found design unit 1: frame_buffer-rtl File: R:/_Studying/FPGA/cam_dsp_vga/src/top/frame_buffer.vhd Line: 23
    Info (12023): Found entity 1: frame_buffer File: R:/_Studying/FPGA/cam_dsp_vga/src/top/frame_buffer.vhd Line: 5
Info (12021): Found 2 design units, including 1 entities, in source file pll_cam.vhd
    Info (12022): Found design unit 1: pll_cam-SYN File: R:/_Studying/FPGA/cam_dsp_vga/PLL_CAM.vhd Line: 54
    Info (12023): Found entity 1: PLL_CAM File: R:/_Studying/FPGA/cam_dsp_vga/PLL_CAM.vhd Line: 42
Info (12021): Found 2 design units, including 1 entities, in source file src/vga/vga_sync.vhd
    Info (12022): Found design unit 1: vga_sync-rtl_vga_sync File: R:/_Studying/FPGA/cam_dsp_vga/src/vga/vga_sync.vhd Line: 35
    Info (12023): Found entity 1: vga_sync File: R:/_Studying/FPGA/cam_dsp_vga/src/vga/vga_sync.vhd Line: 5
Info (12021): Found 2 design units, including 1 entities, in source file src/vga/vga_output.vhd
    Info (12022): Found design unit 1: vga_output-rtl_vga_out File: R:/_Studying/FPGA/cam_dsp_vga/src/vga/vga_output.vhd Line: 37
    Info (12023): Found entity 1: vga_output File: R:/_Studying/FPGA/cam_dsp_vga/src/vga/vga_output.vhd Line: 5
Info (12021): Found 2 design units, including 1 entities, in source file src/vga/top_vga.vhd
    Info (12022): Found design unit 1: top_vga-rtl_top_vga File: R:/_Studying/FPGA/cam_dsp_vga/src/vga/top_vga.vhd Line: 26
    Info (12023): Found entity 1: top_vga File: R:/_Studying/FPGA/cam_dsp_vga/src/vga/top_vga.vhd Line: 5
Info (12127): Elaborating entity "top_project" for the top level hierarchy
Warning (10036): Verilog HDL or VHDL warning at top_project.vhd(42): object "pll_locked" assigned a value but never read File: R:/_Studying/FPGA/cam_dsp_vga/src/top/top_project.vhd Line: 42
Warning (10036): Verilog HDL or VHDL warning at top_project.vhd(46): object "rgb_r" assigned a value but never read File: R:/_Studying/FPGA/cam_dsp_vga/src/top/top_project.vhd Line: 46
Warning (10036): Verilog HDL or VHDL warning at top_project.vhd(46): object "rgb_b" assigned a value but never read File: R:/_Studying/FPGA/cam_dsp_vga/src/top/top_project.vhd Line: 46
Warning (10036): Verilog HDL or VHDL warning at top_project.vhd(49): object "rgb_line_vld" assigned a value but never read File: R:/_Studying/FPGA/cam_dsp_vga/src/top/top_project.vhd Line: 49
Warning (10036): Verilog HDL or VHDL warning at top_project.vhd(51): object "bayer_data" assigned a value but never read File: R:/_Studying/FPGA/cam_dsp_vga/src/top/top_project.vhd Line: 51
Warning (10036): Verilog HDL or VHDL warning at top_project.vhd(52): object "bayer_valid" assigned a value but never read File: R:/_Studying/FPGA/cam_dsp_vga/src/top/top_project.vhd Line: 52
Warning (10036): Verilog HDL or VHDL warning at top_project.vhd(53): object "bayer_fval" assigned a value but never read File: R:/_Studying/FPGA/cam_dsp_vga/src/top/top_project.vhd Line: 53
Warning (10036): Verilog HDL or VHDL warning at top_project.vhd(54): object "bayer_lval" assigned a value but never read File: R:/_Studying/FPGA/cam_dsp_vga/src/top/top_project.vhd Line: 54
Warning (10036): Verilog HDL or VHDL warning at top_project.vhd(78): object "vga_rd_en" assigned a value but never read File: R:/_Studying/FPGA/cam_dsp_vga/src/top/top_project.vhd Line: 78
Info (12128): Elaborating entity "frame_buffer" for hierarchy "frame_buffer:bank0" File: R:/_Studying/FPGA/cam_dsp_vga/src/top/top_project.vhd Line: 88
Info (12128): Elaborating entity "top_vga" for hierarchy "top_vga:vga_inst" File: R:/_Studying/FPGA/cam_dsp_vga/src/top/top_project.vhd Line: 116
Info (12128): Elaborating entity "vga_sync" for hierarchy "top_vga:vga_inst|vga_sync:sync_inst" File: R:/_Studying/FPGA/cam_dsp_vga/src/vga/top_vga.vhd Line: 31
Info (12128): Elaborating entity "vga_output" for hierarchy "top_vga:vga_inst|vga_output:out_inst" File: R:/_Studying/FPGA/cam_dsp_vga/src/vga/top_vga.vhd Line: 47
Warning (10036): Verilog HDL or VHDL warning at vga_output.vhd(42): object "rd_data_dly" assigned a value but never read File: R:/_Studying/FPGA/cam_dsp_vga/src/vga/vga_output.vhd Line: 42
Info (12128): Elaborating entity "camer" for hierarchy "camer:cam_inst" File: R:/_Studying/FPGA/cam_dsp_vga/src/top/top_project.vhd Line: 136
Info (12128): Elaborating entity "PLL_CAM" for hierarchy "PLL_CAM:PLL_CAM_inst" File: R:/_Studying/FPGA/cam_dsp_vga/src/top/top_project.vhd Line: 167
Info (12128): Elaborating entity "altpll" for hierarchy "PLL_CAM:PLL_CAM_inst|altpll:altpll_component" File: R:/_Studying/FPGA/cam_dsp_vga/PLL_CAM.vhd Line: 148
Info (12130): Elaborated megafunction instantiation "PLL_CAM:PLL_CAM_inst|altpll:altpll_component" File: R:/_Studying/FPGA/cam_dsp_vga/PLL_CAM.vhd Line: 148
Info (12133): Instantiated megafunction "PLL_CAM:PLL_CAM_inst|altpll:altpll_component" with the following parameter: File: R:/_Studying/FPGA/cam_dsp_vga/PLL_CAM.vhd Line: 148
    Info (12134): Parameter "bandwidth_type" = "AUTO"
    Info (12134): Parameter "clk0_divide_by" = "25"
    Info (12134): Parameter "clk0_duty_cycle" = "50"
    Info (12134): Parameter "clk0_multiply_by" = "12"
    Info (12134): Parameter "clk0_phase_shift" = "0"
    Info (12134): Parameter "clk1_divide_by" = "25"
    Info (12134): Parameter "clk1_duty_cycle" = "50"
    Info (12134): Parameter "clk1_multiply_by" = "48"
    Info (12134): Parameter "clk1_phase_shift" = "0"
    Info (12134): Parameter "compensate_clock" = "CLK0"
    Info (12134): Parameter "inclk0_input_frequency" = "20000"
    Info (12134): Parameter "intended_device_family" = "Cyclone IV E"
    Info (12134): Parameter "lpm_hint" = "CBX_MODULE_PREFIX=PLL_CAM"
    Info (12134): Parameter "lpm_type" = "altpll"
    Info (12134): Parameter "operation_mode" = "NORMAL"
    Info (12134): Parameter "pll_type" = "AUTO"
    Info (12134): Parameter "port_activeclock" = "PORT_UNUSED"
    Info (12134): Parameter "port_areset" = "PORT_USED"
    Info (12134): Parameter "port_clkbad0" = "PORT_UNUSED"
    Info (12134): Parameter "port_clkbad1" = "PORT_UNUSED"
    Info (12134): Parameter "port_clkloss" = "PORT_UNUSED"
    Info (12134): Parameter "port_clkswitch" = "PORT_UNUSED"
    Info (12134): Parameter "port_configupdate" = "PORT_UNUSED"
    Info (12134): Parameter "port_fbin" = "PORT_UNUSED"
    Info (12134): Parameter "port_inclk0" = "PORT_USED"
    Info (12134): Parameter "port_inclk1" = "PORT_UNUSED"
    Info (12134): Parameter "port_locked" = "PORT_USED"
    Info (12134): Parameter "port_pfdena" = "PORT_UNUSED"
    Info (12134): Parameter "port_phasecounterselect" = "PORT_UNUSED"
    Info (12134): Parameter "port_phasedone" = "PORT_UNUSED"
    Info (12134): Parameter "port_phasestep" = "PORT_UNUSED"
    Info (12134): Parameter "port_phaseupdown" = "PORT_UNUSED"
    Info (12134): Parameter "port_pllena" = "PORT_UNUSED"
    Info (12134): Parameter "port_scanaclr" = "PORT_UNUSED"
    Info (12134): Parameter "port_scanclk" = "PORT_UNUSED"
    Info (12134): Parameter "port_scanclkena" = "PORT_UNUSED"
    Info (12134): Parameter "port_scandata" = "PORT_UNUSED"
    Info (12134): Parameter "port_scandataout" = "PORT_UNUSED"
    Info (12134): Parameter "port_scandone" = "PORT_UNUSED"
    Info (12134): Parameter "port_scanread" = "PORT_UNUSED"
    Info (12134): Parameter "port_scanwrite" = "PORT_UNUSED"
    Info (12134): Parameter "port_clk0" = "PORT_USED"
    Info (12134): Parameter "port_clk1" = "PORT_USED"
    Info (12134): Parameter "port_clk2" = "PORT_UNUSED"
    Info (12134): Parameter "port_clk3" = "PORT_UNUSED"
    Info (12134): Parameter "port_clk4" = "PORT_UNUSED"
    Info (12134): Parameter "port_clk5" = "PORT_UNUSED"
    Info (12134): Parameter "port_clkena0" = "PORT_UNUSED"
    Info (12134): Parameter "port_clkena1" = "PORT_UNUSED"
    Info (12134): Parameter "port_clkena2" = "PORT_UNUSED"
    Info (12134): Parameter "port_clkena3" = "PORT_UNUSED"
    Info (12134): Parameter "port_clkena4" = "PORT_UNUSED"
    Info (12134): Parameter "port_clkena5" = "PORT_UNUSED"
    Info (12134): Parameter "port_extclk0" = "PORT_UNUSED"
    Info (12134): Parameter "port_extclk1" = "PORT_UNUSED"
    Info (12134): Parameter "port_extclk2" = "PORT_UNUSED"
    Info (12134): Parameter "port_extclk3" = "PORT_UNUSED"
    Info (12134): Parameter "self_reset_on_loss_lock" = "OFF"
    Info (12134): Parameter "width_clock" = "5"
Info (12021): Found 1 design units, including 1 entities, in source file db/pll_cam_altpll1.v
    Info (12023): Found entity 1: PLL_CAM_altpll1 File: R:/_Studying/FPGA/cam_dsp_vga/db/pll_cam_altpll1.v Line: 30
Info (12128): Elaborating entity "PLL_CAM_altpll1" for hierarchy "PLL_CAM:PLL_CAM_inst|altpll:altpll_component|PLL_CAM_altpll1:auto_generated" File: r:/myprograms/quartuslite/quartus/libraries/megafunctions/altpll.tdf Line: 897
Info (12021): Found 1 design units, including 1 entities, in source file db/sld_ela_trigger_p2o.tdf
    Info (12023): Found entity 1: sld_ela_trigger_p2o File: R:/_Studying/FPGA/cam_dsp_vga/db/sld_ela_trigger_p2o.tdf Line: 25
Info (12021): Found 1 design units, including 1 entities, in source file db/sld_reserved_cam_dsp_vga_camera_1_e632.v
    Info (12023): Found entity 1: sld_reserved_cam_dsp_vga_camera_1_e632 File: R:/_Studying/FPGA/cam_dsp_vga/db/sld_reserved_cam_dsp_vga_camera_1_e632.v Line: 28
Info (12021): Found 1 design units, including 1 entities, in source file db/altsyncram_2f24.tdf
    Info (12023): Found entity 1: altsyncram_2f24 File: R:/_Studying/FPGA/cam_dsp_vga/db/altsyncram_2f24.tdf Line: 31
Info (12021): Found 1 design units, including 1 entities, in source file db/decode_rsa.tdf
    Info (12023): Found entity 1: decode_rsa File: R:/_Studying/FPGA/cam_dsp_vga/db/decode_rsa.tdf Line: 22
Info (12021): Found 1 design units, including 1 entities, in source file db/mux_rob.tdf
    Info (12023): Found entity 1: mux_rob File: R:/_Studying/FPGA/cam_dsp_vga/db/mux_rob.tdf Line: 22
Info (12021): Found 1 design units, including 1 entities, in source file db/mux_usc.tdf
    Info (12023): Found entity 1: mux_usc File: R:/_Studying/FPGA/cam_dsp_vga/db/mux_usc.tdf Line: 22
Info (12021): Found 1 design units, including 1 entities, in source file db/decode_dvf.tdf
    Info (12023): Found entity 1: decode_dvf File: R:/_Studying/FPGA/cam_dsp_vga/db/decode_dvf.tdf Line: 22
Info (12021): Found 1 design units, including 1 entities, in source file db/cntr_mgi.tdf
    Info (12023): Found entity 1: cntr_mgi File: R:/_Studying/FPGA/cam_dsp_vga/db/cntr_mgi.tdf Line: 27
Info (12021): Found 1 design units, including 1 entities, in source file db/cmpr_sgc.tdf
    Info (12023): Found entity 1: cmpr_sgc File: R:/_Studying/FPGA/cam_dsp_vga/db/cmpr_sgc.tdf Line: 22
Info (12021): Found 1 design units, including 1 entities, in source file db/cntr_gbj.tdf
    Info (12023): Found entity 1: cntr_gbj File: R:/_Studying/FPGA/cam_dsp_vga/db/cntr_gbj.tdf Line: 25
Info (12021): Found 1 design units, including 1 entities, in source file db/cntr_lgi.tdf
    Info (12023): Found entity 1: cntr_lgi File: R:/_Studying/FPGA/cam_dsp_vga/db/cntr_lgi.tdf Line: 27
Info (12021): Found 1 design units, including 1 entities, in source file db/cntr_23j.tdf
    Info (12023): Found entity 1: cntr_23j File: R:/_Studying/FPGA/cam_dsp_vga/db/cntr_23j.tdf Line: 27
Info (12021): Found 1 design units, including 1 entities, in source file db/cmpr_ngc.tdf
    Info (12023): Found entity 1: cmpr_ngc File: R:/_Studying/FPGA/cam_dsp_vga/db/cmpr_ngc.tdf Line: 22
Info (12033): Analysis and Synthesis generated Signal Tap or debug node instance "camera"
Info (11170): Starting IP generation for the debug fabric: alt_sld_fab.
Info (11172): 2026.06.18.18:16:33 Progress: Loading sld5ba9cb96/alt_sld_fab_wrapper_hw.tcl
Info (11172): Alt_sld_fab.alt_sld_fab: SLD fabric agents which did not specify prefer_host were connected to JTAG
Info (11172): Alt_sld_fab: Generating alt_sld_fab "alt_sld_fab" for QUARTUS_SYNTH
Info (11172): Alt_sld_fab: "alt_sld_fab" instantiated alt_sld_fab "alt_sld_fab"
Info (11172): Presplit: "alt_sld_fab" instantiated altera_super_splitter "presplit"
Info (11172): Splitter: "alt_sld_fab" instantiated altera_sld_splitter "splitter"
Info (11172): Sldfabric: "alt_sld_fab" instantiated altera_sld_jtag_hub "sldfabric"
Info (11172): Ident: "alt_sld_fab" instantiated altera_connection_identification_hub "ident"
Info (11172): Alt_sld_fab: Done "alt_sld_fab" with 6 modules, 6 files
Info (11171): Finished IP generation for the debug fabric: alt_sld_fab.
Info (12021): Found 1 design units, including 1 entities, in source file db/ip/sld5ba9cb96/alt_sld_fab.v
    Info (12023): Found entity 1: alt_sld_fab File: R:/_Studying/FPGA/cam_dsp_vga/db/ip/sld5ba9cb96/alt_sld_fab.v Line: 9
Info (12021): Found 1 design units, including 1 entities, in source file db/ip/sld5ba9cb96/submodules/alt_sld_fab_alt_sld_fab.v
    Info (12023): Found entity 1: alt_sld_fab_alt_sld_fab File: R:/_Studying/FPGA/cam_dsp_vga/db/ip/sld5ba9cb96/submodules/alt_sld_fab_alt_sld_fab.v Line: 9
Info (12021): Found 1 design units, including 1 entities, in source file db/ip/sld5ba9cb96/submodules/alt_sld_fab_alt_sld_fab_ident.sv
    Info (12023): Found entity 1: alt_sld_fab_alt_sld_fab_ident File: R:/_Studying/FPGA/cam_dsp_vga/db/ip/sld5ba9cb96/submodules/alt_sld_fab_alt_sld_fab_ident.sv Line: 33
Info (12021): Found 1 design units, including 1 entities, in source file db/ip/sld5ba9cb96/submodules/alt_sld_fab_alt_sld_fab_presplit.sv
    Info (12023): Found entity 1: alt_sld_fab_alt_sld_fab_presplit File: R:/_Studying/FPGA/cam_dsp_vga/db/ip/sld5ba9cb96/submodules/alt_sld_fab_alt_sld_fab_presplit.sv Line: 3
Info (12021): Found 2 design units, including 1 entities, in source file db/ip/sld5ba9cb96/submodules/alt_sld_fab_alt_sld_fab_sldfabric.vhd
    Info (12022): Found design unit 1: alt_sld_fab_alt_sld_fab_sldfabric-rtl File: R:/_Studying/FPGA/cam_dsp_vga/db/ip/sld5ba9cb96/submodules/alt_sld_fab_alt_sld_fab_sldfabric.vhd Line: 102
    Info (12023): Found entity 1: alt_sld_fab_alt_sld_fab_sldfabric File: R:/_Studying/FPGA/cam_dsp_vga/db/ip/sld5ba9cb96/submodules/alt_sld_fab_alt_sld_fab_sldfabric.vhd Line: 11
Info (12021): Found 1 design units, including 1 entities, in source file db/ip/sld5ba9cb96/submodules/alt_sld_fab_alt_sld_fab_splitter.sv
    Info (12023): Found entity 1: alt_sld_fab_alt_sld_fab_splitter File: R:/_Studying/FPGA/cam_dsp_vga/db/ip/sld5ba9cb96/submodules/alt_sld_fab_alt_sld_fab_splitter.sv Line: 3
Warning (276027): Inferred dual-clock RAM node "frame_buffer:bank1|ram_rtl_0" from synchronous design logic.  The read-during-write behavior of a dual-clock RAM is undefined and may not match the behavior of the original design.
Warning (276027): Inferred dual-clock RAM node "frame_buffer:bank0|ram_rtl_0" from synchronous design logic.  The read-during-write behavior of a dual-clock RAM is undefined and may not match the behavior of the original design.
Warning (276020): Inferred RAM node "camer:cam_inst|line_mem_rtl_0" from synchronous design logic.  Pass-through logic has been added to match the read-during-write behavior of the original design.
Info (276014): Found 1 instances of uninferred RAM logic
    Info (276007): RAM logic "camer:cam_inst|line_mem" is uninferred due to asynchronous read logic File: R:/_Studying/FPGA/cam_dsp_vga/src/cam/camer.vhd Line: 58
Info (19000): Inferred 3 megafunctions from design logic
    Info (276029): Inferred altsyncram megafunction from the following design logic: "frame_buffer:bank1|ram_rtl_0" 
        Info (286033): Parameter OPERATION_MODE set to DUAL_PORT
        Info (286033): Parameter WIDTH_A set to 1
        Info (286033): Parameter WIDTHAD_A set to 19
        Info (286033): Parameter NUMWORDS_A set to 524288
        Info (286033): Parameter WIDTH_B set to 1
        Info (286033): Parameter WIDTHAD_B set to 19
        Info (286033): Parameter NUMWORDS_B set to 524288
        Info (286033): Parameter ADDRESS_ACLR_A set to NONE
        Info (286033): Parameter OUTDATA_REG_B set to UNREGISTERED
        Info (286033): Parameter ADDRESS_ACLR_B set to NONE
        Info (286033): Parameter OUTDATA_ACLR_B set to NONE
        Info (286033): Parameter ADDRESS_REG_B set to CLOCK1
        Info (286033): Parameter INDATA_ACLR_A set to NONE
        Info (286033): Parameter WRCONTROL_ACLR_A set to NONE
        Info (286033): Parameter RAM_BLOCK_TYPE set to M9K
    Info (276029): Inferred altsyncram megafunction from the following design logic: "frame_buffer:bank0|ram_rtl_0" 
        Info (286033): Parameter OPERATION_MODE set to DUAL_PORT
        Info (286033): Parameter WIDTH_A set to 1
        Info (286033): Parameter WIDTHAD_A set to 19
        Info (286033): Parameter NUMWORDS_A set to 524288
        Info (286033): Parameter WIDTH_B set to 1
        Info (286033): Parameter WIDTHAD_B set to 19
        Info (286033): Parameter NUMWORDS_B set to 524288
        Info (286033): Parameter ADDRESS_ACLR_A set to NONE
        Info (286033): Parameter OUTDATA_REG_B set to UNREGISTERED
        Info (286033): Parameter ADDRESS_ACLR_B set to NONE
        Info (286033): Parameter OUTDATA_ACLR_B set to NONE
        Info (286033): Parameter ADDRESS_REG_B set to CLOCK1
        Info (286033): Parameter INDATA_ACLR_A set to NONE
        Info (286033): Parameter WRCONTROL_ACLR_A set to NONE
        Info (286033): Parameter RAM_BLOCK_TYPE set to M9K
    Info (276029): Inferred altsyncram megafunction from the following design logic: "camer:cam_inst|line_mem_rtl_0" 
        Info (286033): Parameter OPERATION_MODE set to DUAL_PORT
        Info (286033): Parameter WIDTH_A set to 12
        Info (286033): Parameter WIDTHAD_A set to 11
        Info (286033): Parameter NUMWORDS_A set to 1282
        Info (286033): Parameter WIDTH_B set to 12
        Info (286033): Parameter WIDTHAD_B set to 11
        Info (286033): Parameter NUMWORDS_B set to 1282
        Info (286033): Parameter ADDRESS_ACLR_A set to NONE
        Info (286033): Parameter OUTDATA_REG_B set to UNREGISTERED
        Info (286033): Parameter ADDRESS_ACLR_B set to NONE
        Info (286033): Parameter OUTDATA_ACLR_B set to NONE
        Info (286033): Parameter ADDRESS_REG_B set to CLOCK0
        Info (286033): Parameter INDATA_ACLR_A set to NONE
        Info (286033): Parameter WRCONTROL_ACLR_A set to NONE
        Info (286033): Parameter READ_DURING_WRITE_MODE_MIXED_PORTS set to OLD_DATA
Info (278001): Inferred 2 megafunctions from design logic
    Info (278004): Inferred divider/modulo megafunction ("lpm_divide") from the following logic: "Mod0" File: R:/_Studying/FPGA/cam_dsp_vga/src/top/top_project.vhd Line: 183
    Info (278004): Inferred divider/modulo megafunction ("lpm_divide") from the following logic: "Div0" File: R:/_Studying/FPGA/cam_dsp_vga/src/top/top_project.vhd Line: 184
Info (12130): Elaborated megafunction instantiation "frame_buffer:bank1|altsyncram:ram_rtl_0"
Info (12133): Instantiated megafunction "frame_buffer:bank1|altsyncram:ram_rtl_0" with the following parameter:
    Info (12134): Parameter "OPERATION_MODE" = "DUAL_PORT"
    Info (12134): Parameter "WIDTH_A" = "1"
    Info (12134): Parameter "WIDTHAD_A" = "19"
    Info (12134): Parameter "NUMWORDS_A" = "524288"
    Info (12134): Parameter "WIDTH_B" = "1"
    Info (12134): Parameter "WIDTHAD_B" = "19"
    Info (12134): Parameter "NUMWORDS_B" = "524288"
    Info (12134): Parameter "ADDRESS_ACLR_A" = "NONE"
    Info (12134): Parameter "OUTDATA_REG_B" = "UNREGISTERED"
    Info (12134): Parameter "ADDRESS_ACLR_B" = "NONE"
    Info (12134): Parameter "OUTDATA_ACLR_B" = "NONE"
    Info (12134): Parameter "ADDRESS_REG_B" = "CLOCK1"
    Info (12134): Parameter "INDATA_ACLR_A" = "NONE"
    Info (12134): Parameter "WRCONTROL_ACLR_A" = "NONE"
    Info (12134): Parameter "RAM_BLOCK_TYPE" = "M9K"
Info (12021): Found 1 design units, including 1 entities, in source file db/altsyncram_39f1.tdf
    Info (12023): Found entity 1: altsyncram_39f1 File: R:/_Studying/FPGA/cam_dsp_vga/db/altsyncram_39f1.tdf Line: 33
Info (12021): Found 1 design units, including 1 entities, in source file db/decode_gua.tdf
    Info (12023): Found entity 1: decode_gua File: R:/_Studying/FPGA/cam_dsp_vga/db/decode_gua.tdf Line: 22
Info (12021): Found 1 design units, including 1 entities, in source file db/decode_9aa.tdf
    Info (12023): Found entity 1: decode_9aa File: R:/_Studying/FPGA/cam_dsp_vga/db/decode_9aa.tdf Line: 22
Info (12021): Found 1 design units, including 1 entities, in source file db/mux_pob.tdf
    Info (12023): Found entity 1: mux_pob File: R:/_Studying/FPGA/cam_dsp_vga/db/mux_pob.tdf Line: 22
Info (12130): Elaborated megafunction instantiation "camer:cam_inst|altsyncram:line_mem_rtl_0"
Info (12133): Instantiated megafunction "camer:cam_inst|altsyncram:line_mem_rtl_0" with the following parameter:
    Info (12134): Parameter "OPERATION_MODE" = "DUAL_PORT"
    Info (12134): Parameter "WIDTH_A" = "12"
    Info (12134): Parameter "WIDTHAD_A" = "11"
    Info (12134): Parameter "NUMWORDS_A" = "1282"
    Info (12134): Parameter "WIDTH_B" = "12"
    Info (12134): Parameter "WIDTHAD_B" = "11"
    Info (12134): Parameter "NUMWORDS_B" = "1282"
    Info (12134): Parameter "ADDRESS_ACLR_A" = "NONE"
    Info (12134): Parameter "OUTDATA_REG_B" = "UNREGISTERED"
    Info (12134): Parameter "ADDRESS_ACLR_B" = "NONE"
    Info (12134): Parameter "OUTDATA_ACLR_B" = "NONE"
    Info (12134): Parameter "ADDRESS_REG_B" = "CLOCK0"
    Info (12134): Parameter "INDATA_ACLR_A" = "NONE"
    Info (12134): Parameter "WRCONTROL_ACLR_A" = "NONE"
    Info (12134): Parameter "READ_DURING_WRITE_MODE_MIXED_PORTS" = "OLD_DATA"
Info (12021): Found 1 design units, including 1 entities, in source file db/altsyncram_k5h1.tdf
    Info (12023): Found entity 1: altsyncram_k5h1 File: R:/_Studying/FPGA/cam_dsp_vga/db/altsyncram_k5h1.tdf Line: 27
Info (12130): Elaborated megafunction instantiation "lpm_divide:Mod0" File: R:/_Studying/FPGA/cam_dsp_vga/src/top/top_project.vhd Line: 183
Info (12133): Instantiated megafunction "lpm_divide:Mod0" with the following parameter: File: R:/_Studying/FPGA/cam_dsp_vga/src/top/top_project.vhd Line: 183
    Info (12134): Parameter "LPM_WIDTHN" = "19"
    Info (12134): Parameter "LPM_WIDTHD" = "19"
    Info (12134): Parameter "LPM_NREPRESENTATION" = "UNSIGNED"
    Info (12134): Parameter "LPM_DREPRESENTATION" = "UNSIGNED"
Info (12021): Found 1 design units, including 1 entities, in source file db/lpm_divide_ucm.tdf
    Info (12023): Found entity 1: lpm_divide_ucm File: R:/_Studying/FPGA/cam_dsp_vga/db/lpm_divide_ucm.tdf Line: 24
Info (12021): Found 1 design units, including 1 entities, in source file db/sign_div_unsign_jnh.tdf
    Info (12023): Found entity 1: sign_div_unsign_jnh File: R:/_Studying/FPGA/cam_dsp_vga/db/sign_div_unsign_jnh.tdf Line: 24
Info (12021): Found 1 design units, including 1 entities, in source file db/alt_u_div_qaf.tdf
    Info (12023): Found entity 1: alt_u_div_qaf File: R:/_Studying/FPGA/cam_dsp_vga/db/alt_u_div_qaf.tdf Line: 26
Info (12021): Found 1 design units, including 1 entities, in source file db/add_sub_7pc.tdf
    Info (12023): Found entity 1: add_sub_7pc File: R:/_Studying/FPGA/cam_dsp_vga/db/add_sub_7pc.tdf Line: 22
Info (12021): Found 1 design units, including 1 entities, in source file db/add_sub_8pc.tdf
    Info (12023): Found entity 1: add_sub_8pc File: R:/_Studying/FPGA/cam_dsp_vga/db/add_sub_8pc.tdf Line: 22
Info (12130): Elaborated megafunction instantiation "lpm_divide:Div0" File: R:/_Studying/FPGA/cam_dsp_vga/src/top/top_project.vhd Line: 184
Info (12133): Instantiated megafunction "lpm_divide:Div0" with the following parameter: File: R:/_Studying/FPGA/cam_dsp_vga/src/top/top_project.vhd Line: 184
    Info (12134): Parameter "LPM_WIDTHN" = "11"
    Info (12134): Parameter "LPM_WIDTHD" = "7"
    Info (12134): Parameter "LPM_NREPRESENTATION" = "UNSIGNED"
    Info (12134): Parameter "LPM_DREPRESENTATION" = "UNSIGNED"
Info (12021): Found 1 design units, including 1 entities, in source file db/lpm_divide_0jm.tdf
    Info (12023): Found entity 1: lpm_divide_0jm File: R:/_Studying/FPGA/cam_dsp_vga/db/lpm_divide_0jm.tdf Line: 24
Info (12021): Found 1 design units, including 1 entities, in source file db/sign_div_unsign_olh.tdf
    Info (12023): Found entity 1: sign_div_unsign_olh File: R:/_Studying/FPGA/cam_dsp_vga/db/sign_div_unsign_olh.tdf Line: 24
Info (12021): Found 1 design units, including 1 entities, in source file db/alt_u_div_47f.tdf
    Info (12023): Found entity 1: alt_u_div_47f File: R:/_Studying/FPGA/cam_dsp_vga/db/alt_u_div_47f.tdf Line: 26
Info (13000): Registers with preset signals will power-up high File: R:/_Studying/FPGA/cam_dsp_vga/src/cam/camer.vhd Line: 52
Info (13003): DEV_CLRn pin will set, and not reset, register with preset signal due to NOT Gate Push-Back
Warning (13024): Output pins are stuck at VCC or GND
    Warning (13410): Pin "vga_blank_n" is stuck at VCC File: R:/_Studying/FPGA/cam_dsp_vga/src/top/top_project.vhd Line: 20
    Warning (13410): Pin "vga_sync_n" is stuck at GND File: R:/_Studying/FPGA/cam_dsp_vga/src/top/top_project.vhd Line: 21
    Warning (13410): Pin "cam_trigger" is stuck at GND File: R:/_Studying/FPGA/cam_dsp_vga/src/top/top_project.vhd Line: 33
Info (286031): Timing-Driven Synthesis is running on partition "Top"
Critical Warning (18061): Ignored Power-Up Level option on the following registers
    Critical Warning (18010): Register camer:cam_inst|sdata_oe will power up to High File: R:/_Studying/FPGA/cam_dsp_vga/src/cam/camer.vhd Line: 53
Critical Warning (35025): Partially connected in-system debug instance "camera" to 95 of its 103 required data inputs, trigger inputs, acquisition clocks, and dynamic pins.  There were 0 illegal, 0 inaccessible, and 8 missing sources or connections.
Info (16010): Generating hard_block partition "hard_block:auto_generated_inst"
    Info (16011): Adding 1 node(s), including 0 DDIO, 1 PLL, 0 transceiver and 0 LCELL
Info (21057): Implemented 3268 device resources after synthesis - the final resource count might be different
    Info (21058): Implemented 21 input pins
    Info (21059): Implemented 36 output pins
    Info (21060): Implemented 1 bidirectional pins
    Info (21061): Implemented 2788 logic cells
    Info (21064): Implemented 420 RAM segments
    Info (21065): Implemented 1 PLLs
Info: Quartus Prime Analysis & Synthesis was successful. 0 errors, 21 warnings
    Info: Peak virtual memory: 4926 megabytes
    Info: Processing ended: Thu Jun 18 18:16:48 2026
    Info: Elapsed time: 00:00:33
    Info: Total CPU time (on all processors): 00:00:49


